SEASON_ID,TEAM_ID,TEAM_ABBREVIATION,TEAM_NAME,GAME_ID,GAME_DATE,MATCHUP,WL,MIN,FGM,FGA,FG_PCT,FG3M,FG3A,FG3_PCT,FTM,FTA,FT_PCT,OREB,DREB,REB,AST,STL,BLK,TOV,PF,PTS,PLUS_MINUS,VIDEO_AVAILABLE,SEASON
22025,1610612745,HOU,Houston Rockets,0022500001,2025-10-21,HOU @ OKC,L,290,43,97,0.443,11,39,0.282,27,31,0.871,16,36,52,23,6,5,25,26,124,-1,1,2025-26
22025,1610612744,GSW,Golden State Warriors,0022500002,2025-10-21,GSW @ LAL,W,240,38,78,0.487,17,40,0.425,26,29,0.897,9,31,40,29,10,4,19,27,119,10,1,2025-26
22025,1610612747,LAL,Los Angeles Lakers,0022500002,2025-10-21,LAL vs. GSW,L,240,42,77,0.545,8,32,0.25,17,28,0.607,7,32,39,23,7,2,20,21,109,-10,1,2025-26
22025,1610612760,OKC,Oklahoma City Thunder,0022500001,2025-10-21,OKC vs. HOU,W,290,46,104,0.442,13,52,0.25,20,25,0.8,11,27,38,29,12,4,12,27,125,1,1,2025-26
22025,1610612737,ATL,Atlanta Hawks,0022500082,2025-10-22,ATL vs. TOR,L,240,38,90,0.422,10,35,0.286,32,37,0.865,8,26,34,25,7,6,16,24,118,-20,1,2025-26
22025,1610612748,MIA,Miami Heat,0022500081,2025-10-22,MIA @ ORL,L,240,44,91,0.484,12,35,0.343,21,27,0.778,10,37,47,26,9,4,19,28,121,-4,1,2025-26
22025,1610612751,BKN,Brooklyn Nets,0022500080,2025-10-22,BKN @ CHA,L,240,39,88,0.443,14,40,0.35,25,34,0.735,12,26,38,25,8,3,17,28,117,-19,1,2025-26
22025,1610612752,NYK,New York Knicks,0022500003,2025-10-22,NYK vs. CLE,W,240,37,86,0.43,14,40,0.35,31,36,0.861,9,39,48,22,8,4,14,23,119,8,1,2025-26
22025,1610612766,CHA,Charlotte Hornets,0022500080,2025-10-22,CHA vs. BKN,W,240,48,90,0.533,17,36,0.472,23,33,0.697,14,36,50,33,5,5,17,25,136,19,1,2025-26
22025,1610612764,WAS,Washington Wizards,0022500086,2025-10-22,WAS @ MIL,L,240,46,98,0.469,17,42,0.405,11,19,0.579,13,43,56,23,5,4,13,19,120,-13,1,2025-26
22025,1610612761,TOR,Toronto Raptors,0022500082,2025-10-22,TOR @ ATL,W,240,54,95,0.568,6,25,0.24,24,29,0.828,12,42,54,36,10,4,19,31,138,20,1,2025-26
22025,1610612741,CHI,Chicago Bulls,0022500084,2025-10-22,CHI vs. DET,W,240,39,87,0.448,11,30,0.367,26,32,0.813,12,38,50,29,6,8,18,23,115,4,1,2025-26
22025,1610612749,MIL,Milwaukee Bucks,0022500086,2025-10-22,MIL vs. WAS,W,240,50,98,0.51,18,44,0.409,15,19,0.789,6,40,46,31,8,6,8,22,133,13,1,2025-26
22025,1610612765,DET,Detroit Pistons,0022500084,2025-10-22,DET @ CHI,L,240,43,97,0.443,7,24,0.292,18,26,0.692,13,33,46,29,8,10,10,29,111,-4,1,2025-26
22025,1610612740,NOP,New Orleans Pelicans,0022500085,2025-10-22,NOP @ MEM,L,240,45,98,0.459,10,27,0.37,22,31,0.71,17,30,47,20,10,4,15,30,122,-6,1,2025-26
22025,1610612763,MEM,Memphis Grizzlies,0022500085,2025-10-22,MEM vs. NOP,W,240,41,80,0.513,11,37,0.297,35,43,0.814,6,33,39,20,5,12,17,29,128,6,1,2025-26
22025,1610612739,CLE,Cleveland Cavaliers,0022500003,2025-10-22,CLE @ NYK,L,240,40,86,0.465,19,46,0.413,12,18,0.667,4,28,32,21,8,4,15,25,111,-8,1,2025-26
22025,1610612753,ORL,Orlando Magic,0022500081,2025-10-22,ORL vs. MIA,W,240,42,90,0.467,12,30,0.4,29,35,0.829,9,37,46,23,8,7,15,20,125,4,1,2025-26
22025,1610612750,MIN,Minnesota Timberwolves,0022500089,2025-10-22,MIN @ POR,W,240,42,86,0.488,15,30,0.5,19,24,0.792,10,35,45,21,10,10,19,29,118,4,1,2025-26
22025,1610612762,UTA,Utah Jazz,0022500087,2025-10-22,UTA vs. LAC,W,240,48,87,0.552,17,44,0.386,16,20,0.8,13,33,46,38,11,6,13,21,129,21,1,2025-26
22025,1610612746,LAC,LA Clippers,0022500087,2025-10-22,LAC @ UTA,L,240,39,88,0.443,14,45,0.311,16,21,0.762,15,23,38,28,8,6,15,21,108,-21,1,2025-26
22025,1610612757,POR,Portland Trail Blazers,0022500089,2025-10-22,POR vs. MIN,L,240,36,90,0.4,13,42,0.31,29,35,0.829,7,32,39,25,10,3,16,17,114,-4,1,2025-26
22025,1610612758,SAC,Sacramento Kings,0022500088,2025-10-22,SAC @ PHX,L,240,47,94,0.5,9,24,0.375,13,23,0.565,9,28,37,24,10,10,13,22,116,-4,1,2025-26
22025,1610612742,DAL,Dallas Mavericks,0022500004,2025-10-22,DAL vs. SAS,L,240,31,83,0.373,9,21,0.429,21,26,0.808,9,28,37,20,5,3,16,24,92,-33,1,2025-26
22025,1610612756,PHX,Phoenix Suns,0022500088,2025-10-22,PHX vs. SAC,W,240,45,95,0.474,10,34,0.294,20,28,0.714,18,33,51,23,7,7,16,25,120,4,1,2025-26
22025,1610612759,SAS,San Antonio Spurs,0022500004,2025-10-22,SAS @ DAL,W,240,50,87,0.575,8,20,0.4,17,28,0.607,11,39,50,24,10,5,15,24,125,33,1,2025-26
22025,1610612738,BOS,Boston Celtics,0022500083,2025-10-22,BOS vs. PHI,L,240,41,91,0.451,11,43,0.256,23,26,0.885,10,32,42,16,7,4,11,28,116,-1,1,2025-26
22025,1610612755,PHI,Philadelphia 76ers,0022500083,2025-10-22,PHI @ BOS,W,240,39,85,0.459,16,41,0.39,23,30,0.767,10,30,40,23,3,4,14,23,117,1,1,2025-26
22025,1610612754,IND,Indiana Pacers,0022500005,2025-10-23,IND vs. OKC,L,290,46,105,0.438,13,43,0.302,30,40,0.75,11,44,55,21,6,4,14,37,135,-6,1,2025-26
22025,1610612760,OKC,Oklahoma City Thunder,0022500005,2025-10-23,OKC @ IND,W,290,43,95,0.453,10,35,0.286,45,51,0.882,9,51,60,17,6,2,14,33,141,6,1,2025-26
22025,1610612743,DEN,Denver Nuggets,0022500006,2025-10-23,DEN @ GSW,L,265,51,95,0.537,16,40,0.4,13,14,0.929,7,36,43,32,8,4,13,22,131,-6,1,2025-26
22025,1610612744,GSW,Golden State Warriors,0022500006,2025-10-23,GSW vs. DEN,W,265,50,99,0.505,18,47,0.383,19,25,0.76,10,33,43,33,11,3,9,16,137,6,1,2025-26
22025,1610612738,BOS,Boston Celtics,0022500018,2025-10-24,BOS @ NYK,L,240,35,82,0.427,15,44,0.341,10,15,0.667,8,29,37,19,10,7,16,25,95,-10,1,2025-26
22025,1610612763,MEM,Memphis Grizzlies,0022500094,2025-10-24,MEM vs. MIA,L,240,38,95,0.4,13,45,0.289,25,28,0.893,12,29,41,29,8,4,20,19,114,-32,1,2025-26
22025,1610612765,DET,Detroit Pistons,0022500093,2025-10-24,DET @ HOU,W,240,42,90,0.467,16,39,0.41,15,23,0.652,15,33,48,26,6,11,18,31,115,4,1,2025-26
22025,1610612742,DAL,Dallas Mavericks,0022500096,2025-10-24,DAL vs. WAS,L,240,38,88,0.432,10,34,0.294,21,27,0.778,9,39,48,23,11,5,21,19,107,-10,1,2025-26
22025,1610612739,CLE,Cleveland Cavaliers,0022500091,2025-10-24,CLE @ BKN,W,240,44,82,0.537,18,42,0.429,25,35,0.714,9,27,36,32,14,5,17,18,131,7,1,2025-26
22025,1610612764,WAS,Washington Wizards,0022500096,2025-10-24,WAS @ DAL,W,240,41,90,0.456,15,36,0.417,20,29,0.69,10,38,48,27,11,8,17,24,117,10,1,2025-26
22025,1610612750,MIN,Minnesota Timberwolves,0022500019,2025-10-24,MIN @ LAL,L,240,41,88,0.466,13,38,0.342,15,21,0.714,15,25,40,24,4,3,12,27,110,-18,1,2025-26
22025,1610612744,GSW,Golden State Warriors,0022500097,2025-10-24,GSW @ POR,L,240,35,80,0.438,16,38,0.421,33,39,0.846,12,29,41,24,12,3,25,22,119,-20,1,2025-26
22025,1610612757,POR,Portland Trail Blazers,0022500097,2025-10-24,POR vs. GSW,W,240,50,93,0.538,16,34,0.471,23,25,0.92,10,28,38,30,13,5,19,28,139,20,1,2025-26
22025,1610612737,ATL,Atlanta Hawks,0022500090,2025-10-24,ATL @ ORL,W,240,41,85,0.482,8,29,0.276,21,28,0.75,9,31,40,26,9,5,16,21,111,4,1,2025-26
22025,1610612753,ORL,Orlando Magic,0022500090,2025-10-24,ORL vs. ATL,L,240,37,78,0.474,9,31,0.29,24,37,0.649,12,33,45,21,7,3,22,26,107,-4,1,2025-26
22025,1610612751,BKN,Brooklyn Nets,0022500091,2025-10-24,BKN vs. CLE,L,240,49,96,0.51,19,45,0.422,7,7,1.0,10,28,38,30,9,0,20,28,124,-7,1,2025-26
22025,1610612747,LAL,Los Angeles Lakers,0022500019,2025-10-24,LAL vs. MIN,W,240,45,76,0.592,12,29,0.414,26,32,0.813,7,31,38,26,6,3,12,20,128,18,1,2025-26
22025,1610612756,PHX,Phoenix Suns,0022500099,2025-10-24,PHX @ LAC,L,240,37,90,0.411,16,47,0.34,12,15,0.8,15,22,37,23,12,4,18,25,102,-27,1,2025-26
22025,1610612740,NOP,New Orleans Pelicans,0022500095,2025-10-24,NOP vs. SAS,L,265,42,97,0.433,10,32,0.313,22,29,0.759,16,29,45,24,10,3,15,21,116,-4,1,2025-26
22025,1610612746,LAC,LA Clippers,0022500099,2025-10-24,LAC vs. PHX,W,240,45,76,0.592,16,29,0.552,23,26,0.885,10,35,45,32,12,5,19,19,129,27,1,2025-26
22025,1610612759,SAS,San Antonio Spurs,0022500095,2025-10-24,SAS @ NOP,W,265,45,98,0.459,13,43,0.302,17,26,0.654,20,39,59,25,6,13,19,27,120,4,1,2025-26
22025,1610612758,SAC,Sacramento Kings,0022500098,2025-10-24,SAC vs. UTA,W,240,40,83,0.482,14,32,0.438,11,15,0.733,5,28,33,23,10,4,13,18,105,1,1,2025-26
22025,1610612762,UTA,Utah Jazz,0022500098,2025-10-24,UTA @ SAC,L,240,38,86,0.442,13,41,0.317,15,17,0.882,11,39,50,25,6,1,20,16,104,-1,1,2025-26
22025,1610612749,MIL,Milwaukee Bucks,0022500092,2025-10-24,MIL @ TOR,W,240,47,90,0.522,14,40,0.35,14,25,0.56,14,37,51,25,9,5,19,24,122,6,1,2025-26
22025,1610612761,TOR,Toronto Raptors,0022500092,2025-10-24,TOR vs. MIL,L,240,42,85,0.494,11,27,0.407,21,32,0.656,10,31,41,25,10,4,16,21,116,-6,1,2025-26
22025,1610612748,MIA,Miami Heat,0022500094,2025-10-24,MIA @ MEM,W,240,55,102,0.539,19,40,0.475,17,22,0.773,17,40,57,34,15,4,20,25,146,32,1,2025-26
22025,1610612752,NYK,New York Knicks,0022500018,2025-10-24,NYK vs. BOS,W,240,33,86,0.384,17,45,0.378,22,25,0.88,21,32,53,23,7,4,20,17,105,10,1,2025-26
22025,1610612745,HOU,Houston Rockets,0022500093,2025-10-24,HOU vs. DET,L,240,32,83,0.386,10,22,0.455,37,48,0.771,17,28,45,15,14,2,14,24,111,-4,1,2025-26
22025,1610612741,CHI,Chicago Bulls,0022500100,2025-10-25,CHI @ ORL,W,240,39,83,0.47,10,27,0.37,22,29,0.759,9,37,46,26,13,2,20,26,110,12,1,2025-26
22025,1610612763,MEM,Memphis Grizzlies,0022500103,2025-10-25,MEM vs. IND,W,240,44,97,0.454,15,39,0.385,25,32,0.781,10,39,49,31,6,4,6,22,128,25,1,2025-26
22025,1610612753,ORL,Orlando Magic,0022500100,2025-10-25,ORL vs. CHI,L,240,34,87,0.391,3,24,0.125,27,33,0.818,15,38,53,12,8,5,20,25,98,-12,1,2025-26
22025,1610612754,IND,Indiana Pacers,0022500103,2025-10-25,IND @ MEM,L,240,36,89,0.404,14,40,0.35,17,23,0.739,11,33,44,25,2,5,13,21,103,-25,1,2025-26
22025,1610612760,OKC,Oklahoma City Thunder,0022500101,2025-10-25,OKC @ ATL,W,240,43,93,0.462,14,37,0.378,17,19,0.895,15,35,50,21,13,3,13,19,117,17,1,2025-26
22025,1610612756,PHX,Phoenix Suns,0022500104,2025-10-25,PHX @ DEN,L,240,38,88,0.432,17,50,0.34,18,22,0.818,12,26,38,24,7,4,20,29,111,-22,1,2025-26
22025,1610612737,ATL,Atlanta Hawks,0022500101,2025-10-25,ATL vs. OKC,L,240,35,85,0.412,16,39,0.41,14,21,0.667,15,31,46,25,7,5,17,23,100,-17,1,2025-26
22025,1610612743,DEN,Denver Nuggets,0022500104,2025-10-25,DEN vs. PHX,W,240,43,84,0.512,9,31,0.29,38,42,0.905,11,32,43,31,14,1,16,23,133,22,1,2025-26
22025,1610612766,CHA,Charlotte Hornets,0022500102,2025-10-25,CHA @ PHI,L,240,43,89,0.483,16,42,0.381,19,28,0.679,13,32,45,30,6,3,17,26,121,-4,1,2025-26
22025,1610612755,PHI,Philadelphia 76ers,0022500102,2025-10-25,PHI vs. CHA,W,240,41,87,0.471,18,39,0.462,25,32,0.781,11,29,40,29,10,5,15,25,125,4,1,2025-26
22025,1610612739,CLE,Cleveland Cavaliers,0022500107,2025-10-26,CLE vs. MIL,W,240,39,87,0.448,12,40,0.3,28,35,0.8,10,34,44,23,10,2,17,23,118,5,1,2025-26
22025,1610612754,IND,Indiana Pacers,0022500110,2025-10-26,IND @ MIN,L,240,39,91,0.429,14,40,0.35,18,27,0.667,16,33,49,24,7,5,17,27,110,-4,1,2025-26
22025,1610612761,TOR,Toronto Raptors,0022500111,2025-10-26,TOR @ DAL,L,240,49,100,0.49,13,33,0.394,18,24,0.75,14,29,43,33,10,1,16,28,129,-10,1,2025-26
22025,1610612752,NYK,New York Knicks,0022500108,2025-10-26,NYK @ MIA,L,240,38,98,0.388,15,54,0.278,16,21,0.762,16,36,52,23,9,3,16,24,107,-8,1,2025-26
22025,1610612750,MIN,Minnesota Timberwolves,0022500110,2025-10-26,MIN vs. IND,W,240,39,84,0.464,10,33,0.303,26,37,0.703,13,35,48,19,9,4,14,24,114,4,1,2025-26
22025,1610612742,DAL,Dallas Mavericks,0022500111,2025-10-26,DAL vs. TOR,W,240,50,85,0.588,10,26,0.385,29,39,0.744,12,37,49,32,12,7,20,26,139,10,1,2025-26
22025,1610612765,DET,Detroit Pistons,0022500106,2025-10-26,DET vs. BOS,W,240,39,93,0.419,9,34,0.265,32,36,0.889,19,36,55,22,7,5,16,24,119,6,1,2025-26
22025,1610612738,BOS,Boston Celtics,0022500106,2025-10-26,BOS @ DET,L,240,40,94,0.426,15,45,0.333,18,24,0.75,12,26,38,17,11,8,12,26,113,-6,1,2025-26
22025,1610612758,SAC,Sacramento Kings,0022500113,2025-10-26,SAC vs. LAL,L,240,45,101,0.446,18,43,0.419,12,18,0.667,13,27,40,27,13,4,16,26,120,-7,1,2025-26
22025,1610612747,LAL,Los Angeles Lakers,0022500113,2025-10-26,LAL @ SAC,W,240,39,80,0.488,8,25,0.32,41,46,0.891,10,37,47,26,9,3,17,17,127,7,1,2025-26
22025,1610612746,LAC,LA Clippers,0022500112,2025-10-26,LAC vs. POR,W,240,44,80,0.55,12,31,0.387,14,15,0.933,7,39,46,26,11,8,24,27,114,7,1,2025-26
22025,1610612757,POR,Portland Trail Blazers,0022500112,2025-10-26,POR @ LAC,L,240,34,92,0.37,11,41,0.268,28,34,0.824,18,24,42,24,12,2,16,21,107,-7,1,2025-26
22025,1610612748,MIA,Miami Heat,0022500108,2025-10-26,MIA vs. NYK,W,240,38,83,0.458,13,37,0.351,26,31,0.839,9,41,50,25,7,1,16,16,115,8,1,2025-26
22025,1610612749,MIL,Milwaukee Bucks,0022500107,2025-10-26,MIL @ CLE,L,240,40,79,0.506,13,33,0.394,20,28,0.714,9,28,37,25,12,6,18,26,113,-5,1,2025-26
22025,1610612764,WAS,Washington Wizards,0022500109,2025-10-26,WAS vs. CHA,L,240,41,91,0.451,10,34,0.294,21,25,0.84,7,33,40,25,5,4,15,27,113,-26,1,2025-26
22025,1610612751,BKN,Brooklyn Nets,0022500105,2025-10-26,BKN @ SAS,L,240,34,87,0.391,16,50,0.32,23,24,0.958,11,23,34,22,9,0,12,30,107,-11,1,2025-26
22025,1610612759,SAS,San Antonio Spurs,0022500105,2025-10-26,SAS vs. BKN,W,240,39,78,0.5,12,27,0.444,28,36,0.778,11,34,45,20,7,6,15,23,118,11,1,2025-26
22025,1610612766,CHA,Charlotte Hornets,0022500109,2025-10-26,CHA @ WAS,W,240,47,92,0.511,15,38,0.395,30,36,0.833,11,41,52,30,12,4,12,16,139,26,1,2025-26
22025,1610612765,DET,Detroit Pistons,0022500007,2025-10-27,DET vs. CLE,L,240,33,87,0.379,11,34,0.324,18,27,0.667,16,32,48,20,12,4,26,29,95,-21,1,2025-26
22025,1610612739,CLE,Cleveland Cavaliers,0022500007,2025-10-27,CLE @ DET,W,240,39,85,0.459,11,35,0.314,27,35,0.771,12,36,48,25,11,4,20,25,116,21,1,2025-26
22025,1610612753,ORL,Orlando Magic,0022500114,2025-10-27,ORL @ PHI,L,240,45,82,0.549,8,25,0.32,26,38,0.684,13,30,43,27,4,7,13,22,124,-12,1,2025-26
22025,1610612740,NOP,New Orleans Pelicans,0022500117,2025-10-27,NOP vs. BOS,L,240,28,84,0.333,9,36,0.25,25,28,0.893,11,24,35,17,7,0,14,19,90,-32,1,2025-26
22025,1610612760,OKC,Oklahoma City Thunder,0022500119,2025-10-27,OKC @ DAL,W,240,42,90,0.467,6,30,0.2,11,13,0.846,9,46,55,21,5,5,13,23,101,7,1,2025-26
22025,1610612745,HOU,Houston Rockets,0022500116,2025-10-27,HOU vs. BKN,W,240,49,85,0.576,16,32,0.5,23,26,0.885,9,30,39,33,10,4,10,22,137,28,1,2025-26
22025,1610612755,PHI,Philadelphia 76ers,0022500114,2025-10-27,PHI vs. ORL,W,240,48,97,0.495,14,33,0.424,26,32,0.813,14,25,39,25,5,9,7,27,136,12,1,2025-26
22025,1610612737,ATL,Atlanta Hawks,0022500115,2025-10-27,ATL @ CHI,L,240,49,98,0.5,11,32,0.344,14,20,0.7,8,28,36,32,8,1,6,17,123,-5,1,2025-26
22025,1610612762,UTA,Utah Jazz,0022500120,2025-10-27,UTA vs. PHX,W,265,44,108,0.407,16,49,0.327,34,36,0.944,28,36,64,27,8,4,19,27,138,4,1,2025-26
22025,1610612751,BKN,Brooklyn Nets,0022500116,2025-10-27,BKN @ HOU,L,240,41,86,0.477,15,40,0.375,12,18,0.667,15,22,37,22,3,0,14,24,109,-28,1,2025-26
22025,1610612747,LAL,Los Angeles Lakers,0022500122,2025-10-27,LAL vs. POR,L,240,40,86,0.465,7,27,0.259,21,26,0.808,12,30,42,23,11,5,25,19,108,-14,1,2025-26
22025,1610612757,POR,Portland Trail Blazers,0022500122,2025-10-27,POR @ LAL,W,240,47,103,0.456,14,43,0.326,14,15,0.933,19,30,49,24,12,9,19,17,122,14,1,2025-26
22025,1610612738,BOS,Boston Celtics,0022500117,2025-10-27,BOS @ NOP,W,240,46,95,0.484,18,53,0.34,12,15,0.8,16,38,54,25,5,7,12,24,122,32,1,2025-26
22025,1610612741,CHI,Chicago Bulls,0022500115,2025-10-27,CHI vs. ATL,W,240,48,92,0.522,16,43,0.372,16,21,0.762,12,39,51,33,5,4,18,20,128,5,1,2025-26
22025,1610612742,DAL,Dallas Mavericks,0022500119,2025-10-27,DAL vs. OKC,L,240,33,87,0.379,12,39,0.308,16,22,0.727,6,30,36,20,6,4,9,15,94,-7,1,2025-26
22025,1610612750,MIN,Minnesota Timberwolves,0022500008,2025-10-27,MIN vs. DEN,L,240,40,85,0.471,10,32,0.313,24,29,0.828,7,26,33,19,8,9,15,22,114,-13,1,2025-26
22025,1610612743,DEN,Denver Nuggets,0022500008,2025-10-27,DEN @ MIN,W,240,46,88,0.523,13,26,0.5,22,25,0.88,10,36,46,24,5,4,14,24,127,13,1,2025-26
22025,1610612761,TOR,Toronto Raptors,0022500118,2025-10-27,TOR @ SAS,L,240,37,79,0.468,12,32,0.375,17,23,0.739,1,19,20,29,9,4,15,23,103,-18,1,2025-26
22025,1610612759,SAS,San Antonio Spurs,0022500118,2025-10-27,SAS vs. TOR,W,240,39,67,0.582,13,27,0.481,30,36,0.833,7,37,44,29,11,3,21,17,121,18,1,2025-26
22025,1610612756,PHX,Phoenix Suns,0022500120,2025-10-27,PHX @ UTA,L,265,45,106,0.425,20,55,0.364,24,31,0.774,18,30,48,37,13,8,14,29,134,-4,1,2025-26
22025,1610612763,MEM,Memphis Grizzlies,0022500121,2025-10-27,MEM @ GSW,L,240,40,88,0.455,12,39,0.308,26,28,0.929,7,32,39,32,8,3,13,20,118,-13,1,2025-26
22025,1610612744,GSW,Golden State Warriors,0022500121,2025-10-27,GSW vs. MEM,W,240,44,83,0.53,19,43,0.442,24,30,0.8,7,32,39,36,7,5,16,24,131,13,1,2025-26
22025,1610612748,MIA,Miami Heat,0022500124,2025-10-28,MIA vs. CHA,W,240,52,96,0.542,20,45,0.444,20,22,0.909,8,29,37,34,8,2,11,16,144,27,1,2025-26
22025,1610612755,PHI,Philadelphia 76ers,0022500123,2025-10-28,PHI @ WAS,W,265,45,100,0.45,17,42,0.405,32,37,0.865,18,37,55,26,7,11,14,21,139,5,1,2025-26
22025,1610612764,WAS,Washington Wizards,0022500123,2025-10-28,WAS vs. PHI,L,265,51,107,0.477,17,43,0.395,15,21,0.714,13,37,50,33,10,5,16,30,134,-5,1,2025-26
22025,1610612760,OKC,Oklahoma City Thunder,0022500126,2025-10-28,OKC vs. SAC,W,240,42,92,0.457,14,44,0.318,9,10,0.9,10,34,44,26,11,10,15,19,107,6,1,2025-26
22025,1610612758,SAC,Sacramento Kings,0022500126,2025-10-28,SAC @ OKC,L,240,36,85,0.424,10,29,0.345,19,21,0.905,9,37,46,21,11,3,17,16,101,-6,1,2025-26
22025,1610612749,MIL,Milwaukee Bucks,0022500125,2025-10-28,MIL vs. NYK,W,240,43,79,0.544,14,34,0.412,21,24,0.875,4,34,38,27,7,8,13,21,121,10,1,2025-26
22025,1610612752,NYK,New York Knicks,0022500125,2025-10-28,NYK @ MIL,L,240,39,92,0.424,13,40,0.325,20,23,0.87,17,28,45,24,9,2,13,21,111,-10,1,2025-26
22025,1610612766,CHA,Charlotte Hornets,0022500124,2025-10-28,CHA @ MIA,L,240,40,90,0.444,18,45,0.4,19,23,0.826,9,32,41,26,9,3,18,18,117,-27,1,2025-26
22025,1610612746,LAC,LA Clippers,0022500127,2025-10-28,LAC @ GSW,L,240,30,82,0.366,6,33,0.182,13,16,0.813,13,34,47,10,7,2,16,5,79,-19,1,2025-26
22025,1610612744,GSW,Golden State Warriors,0022500127,2025-10-28,GSW vs. LAC,W,240,39,86,0.453,17,45,0.378,3,4,0.75,10,32,42,24,11,3,13,15,98,19,1,2025-26
22025,1610612745,HOU,Houston Rockets,0022500131,2025-10-29,HOU @ TOR,W,240,50,87,0.575,13,30,0.433,26,34,0.765,17,36,53,31,9,8,17,16,139,18,1,2025-26
22025,1610612765,DET,Detroit Pistons,0022500129,2025-10-29,DET vs. ORL,W,240,46,93,0.495,13,32,0.406,30,34,0.882,14,32,46,29,11,8,14,28,135,19,1,2025-26
22025,1610612753,ORL,Orlando Magic,0022500129,2025-10-29,ORL @ DET,L,240,38,83,0.458,12,31,0.387,28,40,0.7,15,28,43,22,5,5,17,27,116,-19,1,2025-26
22025,1610612740,NOP,New Orleans Pelicans,0022500134,2025-10-29,NOP @ DEN,L,240,32,85,0.376,7,34,0.206,17,29,0.586,13,23,36,17,9,3,14,15,88,-34,1,2025-26
22025,1610612754,IND,Indiana Pacers,0022500133,2025-10-29,IND @ DAL,L,240,37,106,0.349,13,45,0.289,18,28,0.643,19,33,52,20,8,7,14,29,105,-2,1,2025-26
22025,1610612743,DEN,Denver Nuggets,0022500134,2025-10-29,DEN vs. NOP,W,240,48,90,0.533,14,42,0.333,12,14,0.857,13,43,56,40,6,4,14,23,122,34,1,2025-26
22025,1610612757,POR,Portland Trail Blazers,0022500135,2025-10-29,POR @ UTA,W,240,46,96,0.479,21,55,0.382,23,27,0.852,14,25,39,34,14,5,18,33,136,2,1,2025-26
22025,1610612762,UTA,Utah Jazz,0022500135,2025-10-29,UTA vs. POR,L,240,41,84,0.488,11,35,0.314,41,49,0.837,16,30,46,30,10,7,22,24,134,-2,1,2025-26
22025,1610612751,BKN,Brooklyn Nets,0022500130,2025-10-29,BKN vs. ATL,L,240,40,88,0.455,11,37,0.297,21,27,0.778,15,32,47,23,4,4,16,17,112,-5,1,2025-26
22025,1610612737,ATL,Atlanta Hawks,0022500130,2025-10-29,ATL @ BKN,W,240,44,93,0.473,13,33,0.394,16,22,0.727,13,31,44,33,11,8,8,26,117,5,1,2025-26
22025,1610612742,DAL,Dallas Mavericks,0022500133,2025-10-29,DAL vs. IND,W,240,36,79,0.456,5,24,0.208,30,37,0.811,7,40,47,21,4,7,19,22,107,2,1,2025-26
22025,1610612758,SAC,Sacramento Kings,0022500132,2025-10-29,SAC @ CHI,L,240,43,82,0.524,7,28,0.25,20,26,0.769,5,26,31,28,10,2,10,17,113,-13,1,2025-26
22025,1610612739,CLE,Cleveland Cavaliers,0022500128,2025-10-29,CLE @ BOS,L,240,35,87,0.402,17,52,0.327,18,24,0.75,11,31,42,25,6,4,14,22,105,-20,1,2025-26
22025,1610612738,BOS,Boston Celtics,0022500128,2025-10-29,BOS vs. CLE,W,240,42,95,0.442,21,57,0.368,20,24,0.833,18,35,53,29,11,3,10,19,125,20,1,2025-26
22025,1610612741,CHI,Chicago Bulls,0022500132,2025-10-29,CHI vs. SAC,W,240,49,91,0.538,14,32,0.438,14,18,0.778,12,34,46,34,6,2,16,20,126,13,1,2025-26
22025,1610612763,MEM,Memphis Grizzlies,0022500137,2025-10-29,MEM @ PHX,W,240,44,93,0.473,15,38,0.395,11,13,0.846,9,32,41,31,12,3,17,17,114,1,1,2025-26
22025,1610612756,PHX,Phoenix Suns,0022500137,2025-10-29,PHX vs. MEM,L,240,41,86,0.477,16,40,0.4,15,17,0.882,8,32,40,25,11,4,21,20,113,-1,1,2025-26
22025,1610612747,LAL,Los Angeles Lakers,0022500136,2025-10-29,LAL @ MIN,W,240,45,83,0.542,11,31,0.355,15,22,0.682,11,29,40,34,6,5,19,22,116,1,1,2025-26
22025,1610612750,MIN,Minnesota Timberwolves,0022500136,2025-10-29,MIN vs. LAL,L,240,41,82,0.5,15,30,0.5,18,22,0.818,9,25,34,30,8,5,18,23,115,-1,1,2025-26
22025,1610612761,TOR,Toronto Raptors,0022500131,2025-10-29,TOR vs. HOU,L,240,43,85,0.506,21,40,0.525,14,19,0.737,4,18,22,29,6,2,10,26,121,-18,1,2025-26
22025,1610612753,ORL,Orlando Magic,0022500138,2025-10-30,ORL @ CHA,W,240,45,87,0.517,16,38,0.421,17,23,0.739,14,24,38,29,10,7,13,19,123,16,1,2025-26
22025,1610612764,WAS,Washington Wizards,0022500140,2025-10-30,WAS @ OKC,L,240,38,84,0.452,17,40,0.425,15,17,0.882,12,37,49,25,3,6,23,26,108,-19,1,2025-26
22025,1610612760,OKC,Oklahoma City Thunder,0022500140,2025-10-30,OKC vs. WAS,W,240,44,98,0.449,16,49,0.327,23,28,0.821,14,33,47,29,16,8,6,15,127,19,1,2025-26
22025,1610612748,MIA,Miami Heat,0022500141,2025-10-30,MIA @ SAS,L,240,39,90,0.433,15,38,0.395,8,11,0.727,5,36,41,29,6,2,14,20,101,-6,1,2025-26
22025,1610612759,SAS,San Antonio Spurs,0022500141,2025-10-30,SAS vs. MIA,W,240,38,86,0.442,14,41,0.341,17,23,0.739,9,39,48,26,10,8,11,17,107,6,1,2025-26
22025,1610612749,MIL,Milwaukee Bucks,0022500139,2025-10-30,MIL vs. GSW,W,240,46,96,0.479,19,46,0.413,9,13,0.692,7,27,34,25,7,2,16,22,120,10,1,2025-26
22025,1610612744,GSW,Golden State Warriors,0022500139,2025-10-30,GSW @ MIL,L,240,36,85,0.424,13,38,0.342,25,26,0.962,9,35,44,23,8,6,22,17,110,-10,1,2025-26
22025,1610612766,CHA,Charlotte Hornets,0022500138,2025-10-30,CHA vs. ORL,L,240,42,83,0.506,11,30,0.367,12,15,0.8,12,29,41,24,5,6,21,22,107,-16,1,2025-26
22025,1610612737,ATL,Atlanta Hawks,0022500020,2025-10-31,ATL @ IND,W,240,51,94,0.543,10,30,0.333,16,20,0.8,12,43,55,30,10,5,10,23,128,20,1,2025-26
22025,1610612738,BOS,Boston Celtics,0022500021,2025-10-31,BOS @ PHI,W,240,44,101,0.436,14,45,0.311,7,12,0.583,16,29,45,26,8,7,10,24,109,1,1,2025-26
22025,1610612755,PHI,Philadelphia 76ers,0022500021,2025-10-31,PHI vs. BOS,L,240,37,78,0.474,13,34,0.382,21,29,0.724,9,31,40,27,6,7,18,13,108,-1,1,2025-26
22025,1610612741,CHI,Chicago Bulls,0022500023,2025-10-31,CHI vs. NYK,W,240,45,84,0.536,17,37,0.459,28,35,0.8,6,35,41,31,8,6,9,22,135,10,1,2025-26
22025,1610612754,IND,Indiana Pacers,0022500020,2025-10-31,IND vs. ATL,L,240,35,99,0.354,13,47,0.277,25,33,0.758,18,31,49,23,6,3,12,16,108,-20,1,2025-26
22025,1610612752,NYK,New York Knicks,0022500023,2025-10-31,NYK @ CHI,L,240,45,91,0.495,18,45,0.4,17,23,0.739,12,27,39,27,3,5,12,25,125,-10,1,2025-26
22025,1610612761,TOR,Toronto Raptors,0022500022,2025-10-31,TOR @ CLE,W,240,40,82,0.488,13,30,0.433,19,24,0.792,10,38,48,27,9,4,18,18,112,11,1,2025-26
22025,1610612739,CLE,Cleveland Cavaliers,0022500022,2025-10-31,CLE vs. TOR,L,240,36,90,0.4,14,46,0.304,15,23,0.652,15,27,42,24,10,10,14,15,101,-11,1,2025-26
22025,1610612740,NOP,New Orleans Pelicans,0022500027,2025-10-31,NOP @ LAC,L,240,40,83,0.482,18,37,0.486,26,29,0.897,12,31,43,28,8,4,15,18,124,-2,1,2025-26
22025,1610612756,PHX,Phoenix Suns,0022500025,2025-10-31,PHX vs. UTA,W,240,43,91,0.473,17,48,0.354,15,18,0.833,8,36,44,30,10,6,12,25,118,22,1,2025-26
22025,1610612746,LAC,LA Clippers,0022500027,2025-10-31,LAC vs. NOP,W,240,46,89,0.517,15,39,0.385,19,21,0.905,10,27,37,28,12,6,12,19,126,2,1,2025-26
22025,1610612762,UTA,Utah Jazz,0022500025,2025-10-31,UTA @ PHX,L,240,30,80,0.375,12,37,0.324,24,32,0.75,12,36,48,23,4,3,21,22,96,-22,1,2025-26
22025,1610612743,DEN,Denver Nuggets,0022500026,2025-10-31,DEN @ POR,L,240,38,79,0.481,6,25,0.24,25,31,0.806,10,36,46,19,6,7,19,21,107,-2,1,2025-26
22025,1610612757,POR,Portland Trail Blazers,0022500026,2025-10-31,POR vs. DEN,W,240,38,91,0.418,11,39,0.282,22,31,0.71,16,27,43,26,11,5,13,24,109,2,1,2025-26
22025,1610612747,LAL,Los Angeles Lakers,0022500024,2025-10-31,LAL @ MEM,W,240,39,76,0.513,13,38,0.342,26,33,0.788,5,35,40,24,8,3,15,16,117,5,1,2025-26
22025,1610612763,MEM,Memphis Grizzlies,0022500024,2025-10-31,MEM vs. LAL,L,240,41,93,0.441,14,45,0.311,16,19,0.842,13,29,42,28,9,0,11,25,112,-5,1,2025-26
22025,1610612753,ORL,Orlando Magic,0022500145,2025-11-01,ORL @ WAS,W,240,47,92,0.511,12,36,0.333,19,22,0.864,8,45,53,32,13,10,17,16,125,31,1,2025-26
22025,1610612764,WAS,Washington Wizards,0022500145,2025-11-01,WAS vs. ORL,L,240,39,98,0.398,9,27,0.333,7,15,0.467,11,29,40,19,7,9,17,23,94,-31,1,2025-26
22025,1610612754,IND,Indiana Pacers,0022500144,2025-11-01,IND vs. GSW,W,240,40,89,0.449,10,33,0.303,24,28,0.857,11,36,47,24,7,3,12,19,114,5,1,2025-26
22025,1610612744,GSW,Golden State Warriors,0022500144,2025-11-01,GSW @ IND,L,240,39,90,0.433,12,44,0.273,19,22,0.864,10,34,44,25,5,4,16,27,109,-5,1,2025-26
22025,1610612745,HOU,Houston Rockets,0022500146,2025-11-01,HOU @ BOS,W,240,42,77,0.545,19,29,0.655,25,35,0.714,12,41,53,30,6,11,20,14,128,27,1,2025-26
22025,1610612738,BOS,Boston Celtics,0022500146,2025-11-01,BOS vs. HOU,L,240,40,103,0.388,14,44,0.318,7,7,1.0,14,22,36,24,9,2,10,25,101,-27,1,2025-26
22025,1610612765,DET,Detroit Pistons,0022500147,2025-11-01,DET @ DAL,W,240,45,91,0.495,9,24,0.375,23,34,0.676,14,33,47,29,10,4,8,22,122,12,1,2025-26
22025,1610612742,DAL,Dallas Mavericks,0022500147,2025-11-01,DAL @ DET,L,240,34,80,0.425,16,45,0.356,26,31,0.839,7,36,43,23,3,3,15,25,110,-12,1,2025-26
22025,1610612750,MIN,Minnesota Timberwolves,0022500143,2025-11-01,MIN @ CHA,W,240,47,87,0.54,17,36,0.472,11,14,0.786,4,34,38,31,8,2,10,22,122,17,1,2025-26
22025,1610612766,CHA,Charlotte Hornets,0022500143,2025-11-01,CHA vs. MIN,L,240,34,86,0.395,13,45,0.289,24,27,0.889,10,35,45,23,4,4,14,16,105,-17,1,2025-26
22025,1610612749,MIL,Milwaukee Bucks,0022500142,2025-11-01,MIL vs. SAC,L,240,49,82,0.598,15,32,0.469,20,31,0.645,9,28,37,30,5,2,11,26,133,-2,1,2025-26
22025,1610612758,SAC,Sacramento Kings,0022500142,2025-11-01,SAC @ MIL,W,240,45,87,0.517,10,28,0.357,35,40,0.875,11,27,38,30,8,1,10,21,135,2,1,2025-26
22025,1610612760,OKC,Oklahoma City Thunder,0022500148,2025-11-02,OKC vs. NOP,W,240,47,84,0.56,20,48,0.417,23,26,0.885,8,34,42,33,12,5,13,22,137,31,1,2025-26
22025,1610612755,PHI,Philadelphia 76ers,0022500149,2025-11-02,PHI @ BKN,W,240,50,96,0.521,15,40,0.375,14,17,0.824,12,32,44,34,10,6,15,25,129,24,1,2025-26
22025,1610612761,TOR,Toronto Raptors,0022500152,2025-11-02,TOR vs. MEM,W,240,45,89,0.506,11,37,0.297,16,20,0.8,15,34,49,32,5,7,16,23,117,13,1,2025-26
22025,1610612741,CHI,Chicago Bulls,0022500153,2025-11-02,CHI @ NYK,L,240,45,93,0.484,17,40,0.425,9,11,0.818,12,34,46,28,7,3,14,20,116,-12,1,2025-26
22025,1610612748,MIA,Miami Heat,0022500155,2025-11-02,MIA @ LAL,L,240,43,84,0.512,9,33,0.273,25,36,0.694,9,33,42,29,7,3,15,20,120,-10,1,2025-26
22025,1610612747,LAL,Los Angeles Lakers,0022500155,2025-11-02,LAL vs. MIA,W,240,48,95,0.505,15,46,0.326,19,23,0.826,8,33,41,33,14,2,12,26,130,10,1,2025-26
22025,1610612766,CHA,Charlotte Hornets,0022500150,2025-11-02,CHA vs. UTA,W,240,43,88,0.489,18,43,0.419,22,22,1.0,9,37,46,31,6,6,15,25,126,23,1,2025-26
22025,1610612762,UTA,Utah Jazz,0022500150,2025-11-02,UTA @ CHA,L,240,36,88,0.409,7,32,0.219,24,29,0.828,10,28,38,27,7,3,11,24,103,-23,1,2025-26
22025,1610612737,ATL,Atlanta Hawks,0022500151,2025-11-02,ATL @ CLE,L,240,39,77,0.506,6,23,0.261,25,35,0.714,8,38,46,28,9,3,23,21,109,-8,1,2025-26
22025,1610612740,NOP,New Orleans Pelicans,0022500148,2025-11-02,NOP @ OKC,L,240,35,80,0.438,16,40,0.4,20,32,0.625,12,26,38,26,6,3,17,22,106,-31,1,2025-26
22025,1610612751,BKN,Brooklyn Nets,0022500149,2025-11-02,BKN vs. PHI,L,240,39,90,0.433,7,38,0.184,20,26,0.769,13,31,44,21,10,4,19,15,105,-24,1,2025-26
22025,1610612763,MEM,Memphis Grizzlies,0022500152,2025-11-02,MEM @ TOR,L,240,38,87,0.437,11,35,0.314,17,20,0.85,11,30,41,24,6,0,13,18,104,-13,1,2025-26
22025,1610612739,CLE,Cleveland Cavaliers,0022500151,2025-11-02,CLE vs. ATL,W,240,40,97,0.412,20,57,0.351,17,18,0.944,13,31,44,30,12,4,18,28,117,8,1,2025-26
22025,1610612752,NYK,New York Knicks,0022500153,2025-11-02,NYK vs. CHI,W,240,43,95,0.453,20,42,0.476,22,22,1.0,14,33,47,31,7,5,11,12,128,12,1,2025-26
22025,1610612756,PHX,Phoenix Suns,0022500154,2025-11-02,PHX vs. SAS,W,240,46,79,0.582,19,33,0.576,19,22,0.864,5,34,39,34,8,4,20,26,130,12,1,2025-26
22025,1610612759,SAS,San Antonio Spurs,0022500154,2025-11-02,SAS @ PHX,L,240,45,98,0.459,10,41,0.244,18,23,0.783,16,25,41,21,11,5,14,21,118,-12,1,2025-26
22025,1610612749,MIL,Milwaukee Bucks,0022500157,2025-11-03,MIL @ IND,W,240,42,88,0.477,20,47,0.426,13,22,0.591,9,34,43,24,6,5,18,28,117,2,1,2025-26
22025,1610612754,IND,Indiana Pacers,0022500157,2025-11-03,IND vs. MIL,L,240,39,90,0.433,8,33,0.242,29,38,0.763,14,31,45,24,8,4,12,24,115,-2,1,2025-26
22025,1610612765,DET,Detroit Pistons,0022500161,2025-11-03,DET @ MEM,W,240,42,83,0.506,10,31,0.323,20,29,0.69,10,33,43,23,11,9,14,21,114,8,1,2025-26
22025,1610612752,NYK,New York Knicks,0022500159,2025-11-03,NYK vs. WAS,W,240,44,94,0.468,15,41,0.366,16,20,0.8,12,37,49,32,12,4,12,16,119,17,1,2025-26
22025,1610612764,WAS,Washington Wizards,0022500159,2025-11-03,WAS @ NYK,L,240,38,81,0.469,13,35,0.371,13,19,0.684,7,37,44,30,7,5,20,21,102,-17,1,2025-26
22025,1610612758,SAC,Sacramento Kings,0022500162,2025-11-03,SAC @ DEN,L,240,47,90,0.522,9,27,0.333,21,25,0.84,8,39,47,27,5,1,15,24,124,-6,1,2025-26
22025,1610612742,DAL,Dallas Mavericks,0022500160,2025-11-03,DAL @ HOU,L,240,40,89,0.449,9,36,0.25,13,20,0.65,10,30,40,30,12,6,15,25,102,-8,1,2025-26
22025,1610612743,DEN,Denver Nuggets,0022500162,2025-11-03,DEN vs. SAC,W,240,50,97,0.515,12,38,0.316,18,24,0.75,8,32,40,33,9,5,8,18,130,6,1,2025-26
22025,1610612762,UTA,Utah Jazz,0022500158,2025-11-03,UTA @ BOS,W,240,38,84,0.452,9,31,0.29,20,25,0.8,15,40,55,23,4,2,19,21,105,2,1,2025-26
22025,1610612738,BOS,Boston Celtics,0022500158,2025-11-03,BOS vs. UTA,L,240,37,89,0.416,11,51,0.216,18,22,0.818,10,26,36,21,12,4,10,22,103,-2,1,2025-26
22025,1610612747,LAL,Los Angeles Lakers,0022500163,2025-11-03,LAL @ POR,W,240,50,85,0.588,9,23,0.391,14,16,0.875,8,26,34,29,11,5,17,22,123,8,1,2025-26
22025,1610612757,POR,Portland Trail Blazers,0022500163,2025-11-03,POR vs. LAL,L,240,42,85,0.494,9,40,0.225,22,30,0.733,15,23,38,23,13,3,18,18,115,-8,1,2025-26
22025,1610612763,MEM,Memphis Grizzlies,0022500161,2025-11-03,MEM vs. DET,L,240,35,87,0.402,14,41,0.341,22,25,0.88,18,31,49,25,8,5,20,22,106,-8,1,2025-26
22025,1610612748,MIA,Miami Heat,0022500164,2025-11-03,MIA @ LAC,W,240,45,83,0.542,12,25,0.48,18,24,0.75,6,31,37,33,12,3,16,15,120,1,1,2025-26
22025,1610612746,LAC,LA Clippers,0022500164,2025-11-03,LAC vs. MIA,L,240,44,88,0.5,17,41,0.415,14,19,0.737,11,33,44,25,13,4,21,24,119,-1,1,2025-26
22025,1610612745,HOU,Houston Rockets,0022500160,2025-11-03,HOU vs. DAL,W,240,41,89,0.461,8,29,0.276,20,30,0.667,15,39,54,23,9,7,17,17,110,8,1,2025-26
22025,1610612751,BKN,Brooklyn Nets,0022500156,2025-11-03,BKN vs. MIN,L,240,36,89,0.404,12,40,0.3,25,38,0.658,18,22,40,25,9,4,12,24,109,-16,1,2025-26
22025,1610612750,MIN,Minnesota Timberwolves,0022500156,2025-11-03,MIN @ BKN,W,240,44,78,0.564,14,35,0.4,23,35,0.657,14,39,53,33,6,4,17,26,125,16,1,2025-26
22025,1610612766,CHA,Charlotte Hornets,0022500168,2025-11-04,CHA @ NOP,L,240,39,82,0.476,13,38,0.342,21,28,0.75,15,34,49,20,8,6,20,23,112,-4,1,2025-26
22025,1610612755,PHI,Philadelphia 76ers,0022500167,2025-11-04,PHI @ CHI,L,240,40,94,0.426,11,30,0.367,20,24,0.833,12,28,40,22,12,11,16,21,111,-2,1,2025-26
22025,1610612741,CHI,Chicago Bulls,0022500167,2025-11-04,CHI vs. PHI,W,240,42,89,0.472,13,34,0.382,16,20,0.8,12,36,48,26,11,9,18,19,113,2,1,2025-26
22025,1610612740,NOP,New Orleans Pelicans,0022500168,2025-11-04,NOP vs. CHA,W,240,43,90,0.478,17,38,0.447,13,19,0.684,13,26,39,27,9,3,13,20,116,4,1,2025-26
22025,1610612761,TOR,Toronto Raptors,0022500165,2025-11-04,TOR vs. MIL,W,240,44,91,0.484,17,38,0.447,23,29,0.793,10,40,50,33,8,6,10,23,128,28,1,2025-26
22025,1610612749,MIL,Milwaukee Bucks,0022500165,2025-11-04,MIL @ TOR,L,240,37,86,0.43,11,38,0.289,15,21,0.714,9,32,41,26,5,4,15,26,100,-28,1,2025-26
22025,1610612753,ORL,Orlando Magic,0022500166,2025-11-04,ORL @ ATL,L,240,36,83,0.434,11,34,0.324,29,33,0.879,14,27,41,26,9,1,19,30,112,-15,1,2025-26
22025,1610612737,ATL,Atlanta Hawks,0022500166,2025-11-04,ATL vs. ORL,W,240,40,72,0.556,13,30,0.433,34,42,0.81,6,28,34,23,11,6,20,24,127,15,1,2025-26
22025,1610612746,LAC,LA Clippers,0022500170,2025-11-04,LAC vs. OKC,L,240,33,80,0.413,18,43,0.419,23,27,0.852,10,32,42,26,9,2,19,20,107,-19,1,2025-26
22025,1610612760,OKC,Oklahoma City Thunder,0022500170,2025-11-04,OKC @ LAC,W,240,45,86,0.523,18,38,0.474,18,22,0.818,8,32,40,28,12,6,11,23,126,19,1,2025-26
22025,1610612756,PHX,Phoenix Suns,0022500169,2025-11-04,PHX @ GSW,L,240,40,91,0.44,12,33,0.364,15,16,0.938,16,30,46,25,10,5,17,17,107,-11,1,2025-26
22025,1610612744,GSW,Golden State Warriors,0022500169,2025-11-04,GSW vs. PHX,W,240,41,83,0.494,19,42,0.452,17,20,0.85,8,31,39,33,9,4,16,18,118,11,1,2025-26
22025,1610612739,CLE,Cleveland Cavaliers,0022500171,2025-11-05,CLE vs. PHI,W,240,49,92,0.533,18,44,0.409,16,17,0.941,10,24,34,33,9,7,15,22,132,11,1,2025-26
22025,1610612751,BKN,Brooklyn Nets,0022500173,2025-11-05,BKN @ IND,W,240,36,86,0.419,14,40,0.35,26,35,0.743,10,35,45,26,9,5,14,17,112,9,1,2025-26
22025,1610612754,IND,Indiana Pacers,0022500173,2025-11-05,IND vs. BKN,L,240,41,99,0.414,13,36,0.361,8,13,0.615,16,40,56,29,6,5,18,23,103,-9,1,2025-26
22025,1610612762,UTA,Utah Jazz,0022500172,2025-11-05,UTA @ DET,L,240,33,86,0.384,12,39,0.308,25,29,0.862,11,33,44,24,7,2,15,17,103,-11,1,2025-26
22025,1610612765,DET,Detroit Pistons,0022500172,2025-11-05,DET vs. UTA,W,240,45,91,0.495,11,30,0.367,13,22,0.591,13,39,52,24,5,6,13,23,114,11,1,2025-26
22025,1610612750,MIN,Minnesota Timberwolves,0022500175,2025-11-05,MIN @ NYK,L,240,40,83,0.482,19,40,0.475,15,17,0.882,9,22,31,30,6,2,17,14,114,-23,1,2025-26
22025,1610612752,NYK,New York Knicks,0022500175,2025-11-05,NYK vs. MIN,W,240,55,102,0.539,19,42,0.452,8,9,0.889,21,29,50,32,7,8,14,21,137,23,1,2025-26
22025,1610612763,MEM,Memphis Grizzlies,0022500176,2025-11-05,MEM vs. HOU,L,240,34,89,0.382,13,39,0.333,28,35,0.8,13,34,47,25,10,9,15,19,109,-15,1,2025-26
22025,1610612745,HOU,Houston Rockets,0022500176,2025-11-05,HOU @ MEM,W,240,48,101,0.475,13,30,0.433,15,18,0.833,15,39,54,29,9,3,13,21,124,15,1,2025-26
22025,1610612742,DAL,Dallas Mavericks,0022500177,2025-11-05,DAL vs. NOP,L,240,37,89,0.416,10,32,0.313,15,20,0.75,10,34,44,18,11,7,15,15,99,-2,1,2025-26
22025,1610612740,NOP,New Orleans Pelicans,0022500177,2025-11-05,NOP @ DAL,W,240,39,91,0.429,10,31,0.323,13,16,0.813,14,42,56,18,10,3,16,18,101,2,1,2025-26
22025,1610612738,BOS,Boston Celtics,0022500174,2025-11-05,BOS vs. WAS,W,240,52,95,0.547,16,41,0.39,16,21,0.762,12,28,40,31,12,3,7,24,136,29,1,2025-26
22025,1610612755,PHI,Philadelphia 76ers,0022500171,2025-11-05,PHI @ CLE,L,240,44,90,0.489,12,31,0.387,21,30,0.7,15,28,43,26,9,2,19,23,121,-11,1,2025-26
22025,1610612764,WAS,Washington Wizards,0022500174,2025-11-05,WAS @ BOS,L,240,39,80,0.488,9,27,0.333,20,27,0.741,11,29,40,25,2,5,19,18,107,-29,1,2025-26
22025,1610612760,OKC,Oklahoma City Thunder,0022500180,2025-11-05,OKC @ POR,L,240,38,91,0.418,15,38,0.395,28,31,0.903,13,37,50,24,9,5,15,27,119,-2,1,2025-26
22025,1610612758,SAC,Sacramento Kings,0022500181,2025-11-05,SAC vs. GSW,W,240,41,83,0.494,11,23,0.478,28,33,0.848,8,39,47,27,7,5,16,18,121,5,1,2025-26
22025,1610612744,GSW,Golden State Warriors,0022500181,2025-11-05,GSW @ SAC,L,240,40,89,0.449,17,43,0.395,19,23,0.826,10,34,44,28,10,6,19,26,116,-5,1,2025-26
22025,1610612747,LAL,Los Angeles Lakers,0022500179,2025-11-05,LAL vs. SAS,W,240,37,83,0.446,10,31,0.323,34,44,0.773,12,26,38,23,8,5,14,30,118,2,1,2025-26
22025,1610612759,SAS,San Antonio Spurs,0022500179,2025-11-05,SAS @ LAL,L,240,36,74,0.486,13,33,0.394,31,40,0.775,8,29,37,22,7,1,19,36,116,-2,1,2025-26
22025,1610612748,MIA,Miami Heat,0022500178,2025-11-05,MIA @ DEN,L,240,38,86,0.442,14,41,0.341,22,25,0.88,5,33,38,26,13,4,15,20,112,-10,1,2025-26
22025,1610612743,DEN,Denver Nuggets,0022500178,2025-11-05,DEN vs. MIA,W,240,43,101,0.426,11,40,0.275,25,28,0.893,21,40,61,33,10,4,17,16,122,10,1,2025-26
22025,1610612757,POR,Portland Trail Blazers,0022500180,2025-11-05,POR vs. OKC,W,240,36,88,0.409,19,43,0.442,30,32,0.938,11,38,49,24,8,6,18,24,121,2,1,2025-26
22025,1610612746,LAC,LA Clippers,0022500182,2025-11-06,LAC @ PHX,L,240,35,79,0.443,10,31,0.323,22,30,0.733,11,30,41,24,8,4,15,19,102,-13,1,2025-26
22025,1610612756,PHX,Phoenix Suns,0022500182,2025-11-06,PHX vs. LAC,W,240,41,92,0.446,19,49,0.388,14,19,0.737,15,29,44,27,13,2,16,23,115,13,1,2025-26
22025,1610612761,TOR,Toronto Raptors,0022500030,2025-11-07,TOR @ ATL,W,240,37,91,0.407,12,38,0.316,23,25,0.92,13,35,48,23,11,6,13,21,109,12,1,2025-26
22025,1610612753,ORL,Orlando Magic,0022500028,2025-11-07,ORL vs. BOS,W,240,41,82,0.5,17,36,0.472,24,31,0.774,11,33,44,28,8,7,15,18,123,13,1,2025-26
22025,1610612737,ATL,Atlanta Hawks,0022500030,2025-11-07,ATL vs. TOR,L,240,33,96,0.344,9,38,0.237,22,23,0.957,19,35,54,24,8,7,19,19,97,-12,1,2025-26
22025,1610612741,CHI,Chicago Bulls,0022500035,2025-11-07,CHI @ MIL,L,240,44,90,0.489,10,33,0.303,12,16,0.75,8,37,45,34,9,3,14,19,110,-16,1,2025-26
22025,1610612742,DAL,Dallas Mavericks,0022500034,2025-11-07,DAL @ MEM,L,240,42,86,0.488,10,39,0.256,10,16,0.625,8,36,44,25,7,6,18,20,104,-14,1,2025-26
22025,1610612763,MEM,Memphis Grizzlies,0022500034,2025-11-07,MEM vs. DAL,W,240,41,85,0.482,13,35,0.371,23,28,0.821,7,35,42,27,8,1,15,20,118,14,1,2025-26
22025,1610612762,UTA,Utah Jazz,0022500036,2025-11-07,UTA @ MIN,L,240,35,94,0.372,9,39,0.231,18,25,0.72,16,24,40,28,11,3,18,22,97,-40,1,2025-26
22025,1610612750,MIN,Minnesota Timberwolves,0022500036,2025-11-07,MIN vs. UTA,W,240,50,88,0.568,17,36,0.472,20,27,0.741,13,39,52,32,10,10,21,23,137,40,1,2025-26
22025,1610612738,BOS,Boston Celtics,0022500028,2025-11-07,BOS @ ORL,L,240,43,95,0.453,13,37,0.351,11,16,0.688,12,32,44,26,9,8,14,27,110,-13,1,2025-26
22025,1610612759,SAS,San Antonio Spurs,0022500032,2025-11-07,SAS vs. HOU,W,240,40,87,0.46,18,45,0.4,23,25,0.92,15,25,40,30,15,4,21,19,121,11,1,2025-26
22025,1610612745,HOU,Houston Rockets,0022500032,2025-11-07,HOU @ SAS,L,240,39,85,0.459,13,27,0.481,19,21,0.905,17,24,41,25,12,4,24,24,110,-11,1,2025-26
22025,1610612743,DEN,Denver Nuggets,0022500037,2025-11-07,DEN vs. GSW,W,240,46,82,0.561,16,33,0.485,21,25,0.84,7,34,41,34,8,4,9,15,129,25,1,2025-26
22025,1610612749,MIL,Milwaukee Bucks,0022500035,2025-11-07,MIL vs. CHI,W,240,48,103,0.466,16,39,0.41,14,18,0.778,14,39,53,27,10,6,11,16,126,16,1,2025-26
22025,1610612758,SAC,Sacramento Kings,0022500038,2025-11-07,SAC vs. OKC,L,240,38,92,0.413,15,40,0.375,10,15,0.667,8,30,38,27,6,3,17,20,101,-31,1,2025-26
22025,1610612744,GSW,Golden State Warriors,0022500037,2025-11-07,GSW @ DEN,L,240,40,95,0.421,12,41,0.293,12,15,0.8,17,29,46,28,4,5,12,18,104,-25,1,2025-26
22025,1610612764,WAS,Washington Wizards,0022500029,2025-11-07,WAS vs. CLE,L,240,41,91,0.451,15,41,0.366,18,23,0.783,16,28,44,32,5,7,20,24,115,-33,1,2025-26
22025,1610612748,MIA,Miami Heat,0022500033,2025-11-07,MIA vs. CHA,W,240,51,99,0.515,12,28,0.429,12,14,0.857,6,31,37,31,10,7,8,21,126,18,1,2025-26
22025,1610612766,CHA,Charlotte Hornets,0022500033,2025-11-07,CHA @ MIA,L,240,37,97,0.381,10,39,0.256,24,27,0.889,19,38,57,22,4,9,18,18,108,-18,1,2025-26
22025,1610612765,DET,Detroit Pistons,0022500031,2025-11-07,DET @ BKN,W,240,49,85,0.576,6,26,0.231,21,30,0.7,11,35,46,32,14,1,13,19,125,18,1,2025-26
22025,1610612751,BKN,Brooklyn Nets,0022500031,2025-11-07,BKN vs. DET,L,240,34,80,0.425,17,46,0.37,22,26,0.846,8,22,30,26,5,1,20,24,107,-18,1,2025-26
22025,1610612739,CLE,Cleveland Cavaliers,0022500029,2025-11-07,CLE @ WAS,W,240,52,110,0.473,20,45,0.444,24,31,0.774,25,32,57,34,15,6,10,17,148,33,1,2025-26
22025,1610612760,OKC,Oklahoma City Thunder,0022500038,2025-11-07,OKC @ SAC,W,240,49,91,0.538,13,35,0.371,21,24,0.875,8,44,52,27,9,8,11,16,132,31,1,2025-26
22025,1610612761,TOR,Toronto Raptors,0022500184,2025-11-08,TOR @ PHI,L,240,41,90,0.456,16,38,0.421,22,28,0.786,10,28,38,29,7,5,11,25,120,-10,1,2025-26
22025,1610612755,PHI,Philadelphia 76ers,0022500184,2025-11-08,PHI vs. TOR,W,240,49,96,0.51,10,35,0.286,22,28,0.786,15,39,54,31,4,9,14,22,130,10,1,2025-26
22025,1610612747,LAL,Los Angeles Lakers,0022500185,2025-11-08,LAL @ ATL,L,240,37,81,0.457,12,30,0.4,16,20,0.8,13,34,47,23,8,5,20,11,102,-20,1,2025-26
22025,1610612740,NOP,New Orleans Pelicans,0022500188,2025-11-08,NOP @ SAS,L,240,45,94,0.479,15,38,0.395,14,17,0.824,11,29,40,27,7,2,12,19,119,-7,1,2025-26
22025,1610612764,WAS,Washington Wizards,0022500183,2025-11-08,WAS vs. DAL,L,240,37,89,0.416,11,35,0.314,20,23,0.87,12,32,44,17,7,7,18,21,105,-6,1,2025-26
22025,1610612739,CLE,Cleveland Cavaliers,0022500186,2025-11-08,CLE vs. CHI,W,240,46,94,0.489,17,46,0.37,19,26,0.731,10,29,39,32,6,7,9,27,128,6,1,2025-26
22025,1610612742,DAL,Dallas Mavericks,0022500183,2025-11-08,DAL @ WAS,W,240,42,93,0.452,6,24,0.25,21,30,0.7,16,35,51,26,15,6,13,17,111,6,1,2025-26
22025,1610612743,DEN,Denver Nuggets,0022500189,2025-11-08,DEN vs. IND,W,240,45,93,0.484,8,27,0.296,19,23,0.826,15,40,55,32,8,2,18,25,117,17,1,2025-26
22025,1610612757,POR,Portland Trail Blazers,0022500187,2025-11-08,POR @ MIA,L,240,49,109,0.45,14,51,0.275,19,23,0.826,22,35,57,29,8,4,20,32,131,-5,1,2025-26
22025,1610612741,CHI,Chicago Bulls,0022500186,2025-11-08,CHI @ CLE,L,240,38,84,0.452,13,29,0.448,33,36,0.917,10,39,49,27,8,4,14,25,122,-6,1,2025-26
22025,1610612754,IND,Indiana Pacers,0022500189,2025-11-08,IND @ DEN,L,240,33,93,0.355,8,36,0.222,26,34,0.765,15,28,43,20,9,6,11,23,100,-17,1,2025-26
22025,1610612746,LAC,LA Clippers,0022500190,2025-11-08,LAC vs. PHX,L,240,41,77,0.532,10,33,0.303,11,18,0.611,5,22,27,26,5,5,11,15,103,-11,1,2025-26
22025,1610612737,ATL,Atlanta Hawks,0022500185,2025-11-08,ATL vs. LAL,W,240,48,93,0.516,16,39,0.41,10,11,0.909,7,30,37,37,13,6,11,14,122,20,1,2025-26
22025,1610612756,PHX,Phoenix Suns,0022500190,2025-11-08,PHX @ LAC,W,240,40,83,0.482,16,38,0.421,18,21,0.857,13,29,42,30,9,2,14,19,114,11,1,2025-26
22025,1610612759,SAS,San Antonio Spurs,0022500188,2025-11-08,SAS vs. NOP,W,240,48,90,0.533,14,40,0.35,16,18,0.889,10,33,43,31,6,6,12,20,126,7,1,2025-26
22025,1610612748,MIA,Miami Heat,0022500187,2025-11-08,MIA vs. POR,W,240,49,96,0.51,10,35,0.286,28,36,0.778,12,35,47,37,17,5,15,23,136,5,1,2025-26
22025,1610612763,MEM,Memphis Grizzlies,0022500194,2025-11-09,MEM vs. OKC,L,240,35,91,0.385,17,44,0.386,13,18,0.722,11,39,50,30,3,6,14,25,100,-14,1,2025-26
22025,1610612754,IND,Indiana Pacers,0022500196,2025-11-09,IND @ GSW,L,240,32,94,0.34,11,39,0.282,8,11,0.727,14,39,53,21,7,6,22,25,83,-31,1,2025-26
22025,1610612758,SAC,Sacramento Kings,0022500197,2025-11-09,SAC vs. MIN,L,240,40,90,0.444,13,29,0.448,24,31,0.774,12,31,43,25,8,3,18,20,117,-27,1,2025-26
22025,1610612744,GSW,Golden State Warriors,0022500196,2025-11-09,GSW vs. IND,W,240,38,88,0.432,12,44,0.273,26,37,0.703,11,39,50,22,11,6,10,16,114,31,1,2025-26
22025,1610612755,PHI,Philadelphia 76ers,0022500195,2025-11-09,PHI vs. DET,L,240,36,84,0.429,12,33,0.364,24,28,0.857,12,32,44,22,8,6,20,22,108,-3,1,2025-26
22025,1610612765,DET,Detroit Pistons,0022500195,2025-11-09,DET @ PHI,W,240,39,82,0.476,13,30,0.433,20,28,0.714,9,28,37,23,12,5,16,21,111,3,1,2025-26
22025,1610612750,MIN,Minnesota Timberwolves,0022500197,2025-11-09,MIN @ SAC,W,240,52,97,0.536,18,46,0.391,22,24,0.917,9,35,44,28,11,9,11,23,144,27,1,2025-26
22025,1610612751,BKN,Brooklyn Nets,0022500192,2025-11-09,BKN @ NYK,L,240,33,82,0.402,14,45,0.311,18,24,0.75,15,23,38,21,5,8,19,25,98,-36,1,2025-26
22025,1610612760,OKC,Oklahoma City Thunder,0022500194,2025-11-09,OKC @ MEM,W,240,41,95,0.432,10,43,0.233,22,26,0.846,9,42,51,19,10,3,6,17,114,14,1,2025-26
22025,1610612752,NYK,New York Knicks,0022500192,2025-11-09,NYK vs. BKN,W,240,48,89,0.539,17,37,0.459,21,26,0.808,15,31,46,31,9,3,14,25,134,36,1,2025-26
22025,1610612745,HOU,Houston Rockets,0022500191,2025-11-09,HOU @ MIL,W,240,48,90,0.533,10,26,0.385,16,21,0.762,20,30,50,24,8,3,18,19,122,7,1,2025-26
22025,1610612749,MIL,Milwaukee Bucks,0022500191,2025-11-09,MIL vs. HOU,L,240,44,79,0.557,13,29,0.448,14,24,0.583,7,20,27,25,11,6,13,20,115,-7,1,2025-26
22025,1610612753,ORL,Orlando Magic,0022500193,2025-11-09,ORL vs. BOS,L,240,35,78,0.449,7,29,0.241,30,32,0.938,12,30,42,21,8,4,17,24,107,-4,1,2025-26
22025,1610612738,BOS,Boston Celtics,0022500193,2025-11-09,BOS @ ORL,W,240,40,85,0.471,13,33,0.394,18,25,0.72,13,28,41,22,10,2,14,27,111,4,1,2025-26
22025,1610612766,CHA,Charlotte Hornets,0022500198,2025-11-10,CHA vs. LAL,L,240,37,71,0.521,17,36,0.472,20,22,0.909,9,28,37,28,6,6,23,25,111,-10,1,2025-26
22025,1610612757,POR,Portland Trail Blazers,0022500200,2025-11-10,POR @ ORL,L,240,40,90,0.444,13,36,0.361,19,26,0.731,11,27,38,22,5,3,10,24,112,-3,1,2025-26
22025,1610612765,DET,Detroit Pistons,0022500199,2025-11-10,DET vs. WAS,W,265,47,114,0.412,13,41,0.317,30,38,0.789,28,35,63,27,16,5,16,18,137,2,1,2025-26
22025,1610612764,WAS,Washington Wizards,0022500199,2025-11-10,WAS @ DET,L,265,50,95,0.526,15,38,0.395,20,26,0.769,11,35,46,26,10,6,20,28,135,-2,1,2025-26
22025,1610612741,CHI,Chicago Bulls,0022500202,2025-11-10,CHI vs. SAS,L,240,41,93,0.441,16,38,0.421,19,23,0.826,11,34,45,29,10,4,13,20,117,-4,1,2025-26
22025,1610612747,LAL,Los Angeles Lakers,0022500198,2025-11-10,LAL @ CHA,W,240,45,90,0.5,14,39,0.359,17,20,0.85,12,24,36,25,12,2,11,22,121,10,1,2025-26
22025,1610612739,CLE,Cleveland Cavaliers,0022500201,2025-11-10,CLE @ MIA,L,265,49,120,0.408,21,65,0.323,19,27,0.704,26,34,60,26,8,4,10,27,138,-2,1,2025-26
22025,1610612762,UTA,Utah Jazz,0022500205,2025-11-10,UTA vs. MIN,L,240,38,95,0.4,17,52,0.327,20,24,0.833,16,34,50,30,5,5,15,24,113,-7,1,2025-26
22025,1610612737,ATL,Atlanta Hawks,0022500206,2025-11-10,ATL @ LAC,W,240,38,84,0.452,13,34,0.382,16,20,0.8,7,34,41,30,7,8,12,22,105,3,1,2025-26
22025,1610612750,MIN,Minnesota Timberwolves,0022500205,2025-11-10,MIN @ UTA,W,240,42,89,0.472,10,33,0.303,26,28,0.929,7,35,42,25,8,5,11,21,120,7,1,2025-26
22025,1610612748,MIA,Miami Heat,0022500201,2025-11-10,MIA vs. CLE,W,265,46,98,0.469,12,36,0.333,36,41,0.878,12,44,56,32,5,6,14,27,140,2,1,2025-26
22025,1610612746,LAC,LA Clippers,0022500206,2025-11-10,LAC vs. ATL,L,240,36,82,0.439,12,38,0.316,18,25,0.72,11,31,42,19,7,9,12,14,102,-3,1,2025-26
22025,1610612742,DAL,Dallas Mavericks,0022500203,2025-11-10,DAL vs. MIL,L,240,37,89,0.416,9,39,0.231,31,41,0.756,16,36,52,25,8,8,15,22,114,-2,1,2025-26
22025,1610612749,MIL,Milwaukee Bucks,0022500203,2025-11-10,MIL @ DAL,W,240,41,91,0.451,14,36,0.389,20,25,0.8,8,36,44,24,9,6,13,26,116,2,1,2025-26
22025,1610612753,ORL,Orlando Magic,0022500200,2025-11-10,ORL vs. POR,W,240,39,87,0.448,8,30,0.267,29,34,0.853,11,39,50,26,6,7,13,23,115,3,1,2025-26
22025,1610612759,SAS,San Antonio Spurs,0022500202,2025-11-10,SAS @ CHI,W,240,44,86,0.512,10,33,0.303,23,27,0.852,9,38,47,30,10,7,15,17,121,4,1,2025-26
22025,1610612740,NOP,New Orleans Pelicans,0022500204,2025-11-10,NOP @ PHX,L,240,34,83,0.41,10,32,0.313,20,26,0.769,15,25,40,18,12,3,20,23,98,-23,1,2025-26
22025,1610612756,PHX,Phoenix Suns,0022500204,2025-11-10,PHX vs. NOP,W,240,39,78,0.5,19,43,0.442,24,31,0.774,10,33,43,29,12,7,18,18,121,23,1,2025-26
22025,1610612761,TOR,Toronto Raptors,0022500207,2025-11-11,TOR @ BKN,W,240,45,91,0.495,9,35,0.257,20,25,0.8,13,37,50,31,5,4,9,23,119,10,1,2025-26
22025,1610612751,BKN,Brooklyn Nets,0022500207,2025-11-11,BKN vs. TOR,L,240,32,81,0.395,14,41,0.341,31,32,0.969,7,29,36,24,7,5,13,20,109,-10,1,2025-26
22025,1610612762,UTA,Utah Jazz,0022500211,2025-11-11,UTA vs. IND,W,240,51,92,0.554,19,42,0.452,31,35,0.886,13,32,45,38,3,3,15,27,152,24,1,2025-26
22025,1610612752,NYK,New York Knicks,0022500208,2025-11-11,NYK vs. MEM,W,240,47,98,0.48,22,55,0.4,17,20,0.85,10,34,44,35,12,2,15,21,133,13,1,2025-26
22025,1610612754,IND,Indiana Pacers,0022500211,2025-11-11,IND @ UTA,L,240,46,99,0.465,10,37,0.27,26,29,0.897,15,20,35,29,6,6,8,26,128,-24,1,2025-26
22025,1610612763,MEM,Memphis Grizzlies,0022500208,2025-11-11,MEM @ NYK,L,240,43,84,0.512,14,38,0.368,20,24,0.833,5,39,44,36,7,3,22,20,120,-13,1,2025-26
22025,1610612760,OKC,Oklahoma City Thunder,0022500210,2025-11-11,OKC vs. GSW,W,240,42,83,0.506,16,36,0.444,26,31,0.839,10,30,40,29,12,4,20,21,126,24,1,2025-26
22025,1610612744,GSW,Golden State Warriors,0022500210,2025-11-11,GSW @ OKC,L,240,33,74,0.446,13,35,0.371,23,29,0.793,6,26,32,23,16,4,21,28,102,-24,1,2025-26
22025,1610612758,SAC,Sacramento Kings,0022500212,2025-11-11,SAC vs. DEN,L,240,41,85,0.482,10,33,0.303,16,23,0.696,9,26,35,31,4,3,10,23,108,-14,1,2025-26
22025,1610612743,DEN,Denver Nuggets,0022500212,2025-11-11,DEN @ SAC,W,240,44,86,0.512,13,33,0.394,21,27,0.778,15,33,48,24,6,2,13,19,122,14,1,2025-26
22025,1610612738,BOS,Boston Celtics,0022500209,2025-11-11,BOS @ PHI,L,240,36,92,0.391,13,38,0.342,15,19,0.789,13,40,53,23,4,6,11,17,100,-2,1,2025-26
22025,1610612755,PHI,Philadelphia 76ers,0022500209,2025-11-11,PHI vs. BOS,W,240,36,84,0.429,14,36,0.389,16,19,0.842,8,36,44,24,2,6,9,22,102,2,1,2025-26
22025,1610612765,DET,Detroit Pistons,0022500214,2025-11-12,DET vs. CHI,W,240,50,90,0.556,13,30,0.433,11,16,0.688,11,33,44,30,13,5,19,25,124,11,1,2025-26
22025,1610612763,MEM,Memphis Grizzlies,0022500216,2025-11-12,MEM @ BOS,L,240,32,95,0.337,10,43,0.233,21,26,0.808,15,26,41,25,8,4,10,18,95,-36,1,2025-26
22025,1610612740,NOP,New Orleans Pelicans,0022500219,2025-11-12,NOP vs. POR,L,240,43,91,0.473,13,39,0.333,18,21,0.857,15,20,35,28,6,2,10,20,117,-8,1,2025-26
22025,1610612757,POR,Portland Trail Blazers,0022500219,2025-11-12,POR @ NOP,W,240,48,83,0.578,13,37,0.351,16,17,0.941,9,30,39,26,5,5,13,22,125,8,1,2025-26
22025,1610612738,BOS,Boston Celtics,0022500216,2025-11-12,BOS vs. MEM,W,240,50,99,0.505,21,51,0.412,10,12,0.833,18,40,58,34,4,8,11,20,131,36,1,2025-26
22025,1610612741,CHI,Chicago Bulls,0022500214,2025-11-12,CHI @ DET,L,240,41,86,0.477,12,33,0.364,19,28,0.679,12,32,44,21,11,6,21,18,113,-11,1,2025-26
22025,1610612756,PHX,Phoenix Suns,0022500221,2025-11-12,PHX @ DAL,W,240,44,95,0.463,14,35,0.4,21,26,0.808,13,33,46,31,13,3,12,20,123,9,1,2025-26
22025,1610612764,WAS,Washington Wizards,0022500218,2025-11-12,WAS @ HOU,L,240,42,92,0.457,15,38,0.395,13,19,0.684,12,25,37,25,6,5,12,22,112,-23,1,2025-26
22025,1610612745,HOU,Houston Rockets,0022500218,2025-11-12,HOU vs. WAS,W,240,51,96,0.531,17,35,0.486,16,23,0.696,20,33,53,32,9,6,12,18,135,23,1,2025-26
22025,1610612744,GSW,Golden State Warriors,0022500220,2025-11-12,GSW @ SAS,W,240,36,85,0.424,21,57,0.368,32,36,0.889,8,32,40,30,13,3,16,18,125,5,1,2025-26
22025,1610612760,OKC,Oklahoma City Thunder,0022500222,2025-11-12,OKC vs. LAL,W,240,44,88,0.5,12,39,0.308,21,23,0.913,6,36,42,28,14,4,11,19,121,29,1,2025-26
22025,1610612758,SAC,Sacramento Kings,0022500223,2025-11-12,SAC vs. ATL,L,240,36,92,0.391,14,39,0.359,14,18,0.778,9,26,35,22,7,1,20,19,100,-33,1,2025-26
22025,1610612747,LAL,Los Angeles Lakers,0022500222,2025-11-12,LAL @ OKC,L,240,31,77,0.403,11,35,0.314,19,28,0.679,9,33,42,19,9,0,20,19,92,-29,1,2025-26
22025,1610612739,CLE,Cleveland Cavaliers,0022500217,2025-11-12,CLE @ MIA,W,240,45,104,0.433,14,47,0.298,26,31,0.839,15,34,49,32,13,10,13,21,130,14,1,2025-26
22025,1610612748,MIA,Miami Heat,0022500217,2025-11-12,MIA vs. CLE,L,240,45,94,0.479,15,37,0.405,11,13,0.846,9,35,44,29,6,6,21,29,116,-14,1,2025-26
22025,1610612749,MIL,Milwaukee Bucks,0022500213,2025-11-12,MIL @ CHA,L,240,40,88,0.455,12,30,0.4,8,13,0.615,10,24,34,29,6,6,9,22,100,-11,1,2025-26
22025,1610612766,CHA,Charlotte Hornets,0022500213,2025-11-12,CHA vs. MIL,W,240,38,86,0.442,12,40,0.3,23,27,0.852,15,35,50,27,5,5,16,15,111,11,1,2025-26
22025,1610612759,SAS,San Antonio Spurs,0022500220,2025-11-12,SAS vs. GSW,L,240,46,94,0.489,14,39,0.359,14,16,0.875,13,36,49,30,5,3,20,24,120,-5,1,2025-26
22025,1610612742,DAL,Dallas Mavericks,0022500221,2025-11-12,DAL vs. PHX,L,240,43,86,0.5,17,47,0.362,11,17,0.647,8,37,45,32,10,10,21,23,114,-9,1,2025-26
22025,1610612743,DEN,Denver Nuggets,0022500224,2025-11-12,DEN @ LAC,W,240,44,84,0.524,13,34,0.382,29,35,0.829,11,31,42,22,9,3,12,14,130,14,1,2025-26
22025,1610612752,NYK,New York Knicks,0022500215,2025-11-12,NYK vs. ORL,L,240,39,88,0.443,11,36,0.306,18,23,0.783,10,27,37,20,10,3,14,25,107,-17,1,2025-26
22025,1610612753,ORL,Orlando Magic,0022500215,2025-11-12,ORL @ NYK,W,240,42,86,0.488,12,33,0.364,28,33,0.848,12,37,49,29,10,4,15,23,124,17,1,2025-26
22025,1610612746,LAC,LA Clippers,0022500224,2025-11-12,LAC vs. DEN,L,240,41,84,0.488,16,37,0.432,18,19,0.947,11,25,36,28,4,7,15,30,116,-14,1,2025-26
22025,1610612737,ATL,Atlanta Hawks,0022500223,2025-11-12,ATL @ SAC,W,240,49,85,0.576,17,40,0.425,18,22,0.818,7,38,45,42,14,6,21,20,133,33,1,2025-26
22025,1610612739,CLE,Cleveland Cavaliers,0022500225,2025-11-13,CLE vs. TOR,L,240,41,91,0.451,10,41,0.244,21,26,0.808,14,23,37,26,7,6,12,20,113,-13,1,2025-26
22025,1610612761,TOR,Toronto Raptors,0022500225,2025-11-13,TOR @ CLE,W,240,49,88,0.557,12,31,0.387,16,17,0.941,11,32,43,37,6,7,14,20,126,13,1,2025-26
22025,1610612762,UTA,Utah Jazz,0022500227,2025-11-13,UTA vs. ATL,L,240,45,92,0.489,19,44,0.432,13,21,0.619,14,35,49,39,9,5,24,19,122,-10,1,2025-26
22025,1610612737,ATL,Atlanta Hawks,0022500227,2025-11-13,ATL @ UTA,W,240,46,90,0.511,24,47,0.511,16,22,0.727,9,34,43,36,18,6,18,18,132,10,1,2025-26
22025,1610612756,PHX,Phoenix Suns,0022500226,2025-11-13,PHX vs. IND,W,240,49,85,0.576,13,35,0.371,22,27,0.815,10,33,43,19,6,6,11,24,133,35,1,2025-26
22025,1610612754,IND,Indiana Pacers,0022500226,2025-11-13,IND @ PHX,L,240,32,88,0.364,7,25,0.28,27,29,0.931,16,25,41,20,4,3,12,22,98,-35,1,2025-26
22025,1610612753,ORL,Orlando Magic,0022500040,2025-11-14,ORL vs. BKN,W,240,36,78,0.462,15,39,0.385,18,21,0.857,7,39,46,21,3,5,19,16,105,7,1,2025-26
22025,1610612755,PHI,Philadelphia 76ers,0022500041,2025-11-14,PHI @ DET,L,240,39,90,0.433,14,39,0.359,13,15,0.867,13,33,46,19,9,4,15,20,105,-9,1,2025-26
22025,1610612765,DET,Detroit Pistons,0022500041,2025-11-14,DET vs. PHI,W,240,41,92,0.446,17,41,0.415,15,18,0.833,13,33,46,32,9,7,14,17,114,9,1,2025-26
22025,1610612757,POR,Portland Trail Blazers,0022500042,2025-11-14,POR @ HOU,L,240,42,89,0.472,13,36,0.361,19,27,0.704,16,28,44,18,4,2,20,18,116,-24,1,2025-26
22025,1610612766,CHA,Charlotte Hornets,0022500043,2025-11-14,CHA @ MIL,L,265,47,98,0.48,17,45,0.378,23,29,0.793,10,29,39,31,11,1,13,21,134,-13,1,2025-26
22025,1610612749,MIL,Milwaukee Bucks,0022500043,2025-11-14,MIL vs. CHA,W,265,55,85,0.647,20,34,0.588,17,22,0.773,5,34,39,37,10,3,22,25,147,13,1,2025-26
22025,1610612751,BKN,Brooklyn Nets,0022500040,2025-11-14,BKN @ ORL,L,240,38,89,0.427,10,39,0.256,12,16,0.75,7,27,34,23,9,4,7,19,98,-7,1,2025-26
22025,1610612746,LAC,LA Clippers,0022500046,2025-11-14,LAC @ DAL,W,290,45,95,0.474,13,42,0.31,30,36,0.833,7,38,45,22,16,6,23,32,133,6,1,2025-26
22025,1610612742,DAL,Dallas Mavericks,0022500046,2025-11-14,DAL vs. LAC,L,290,44,99,0.444,10,36,0.278,29,38,0.763,11,39,50,18,11,7,25,25,127,-6,1,2025-26
22025,1610612750,MIN,Minnesota Timberwolves,0022500044,2025-11-14,MIN vs. SAC,W,240,42,86,0.488,12,37,0.324,28,40,0.7,13,38,51,28,10,3,18,20,124,14,1,2025-26
22025,1610612758,SAC,Sacramento Kings,0022500044,2025-11-14,SAC @ MIN,L,240,41,93,0.441,12,33,0.364,16,27,0.593,13,31,44,32,12,4,15,26,110,-14,1,2025-26
22025,1610612740,NOP,New Orleans Pelicans,0022500045,2025-11-14,NOP vs. LAL,L,240,39,89,0.438,12,34,0.353,14,18,0.778,12,30,42,24,11,3,20,23,104,-14,1,2025-26
22025,1610612747,LAL,Los Angeles Lakers,0022500045,2025-11-14,LAL @ NOP,W,240,44,84,0.524,10,34,0.294,20,26,0.769,10,35,45,28,13,5,18,17,118,14,1,2025-26
22025,1610612752,NYK,New York Knicks,0022500039,2025-11-14,NYK vs. MIA,W,240,48,104,0.462,21,53,0.396,23,29,0.793,20,31,51,32,9,2,8,23,140,8,1,2025-26
22025,1610612748,MIA,Miami Heat,0022500039,2025-11-14,MIA @ NYK,L,240,44,95,0.463,19,44,0.432,25,34,0.735,15,31,46,30,4,5,11,23,132,-8,1,2025-26
22025,1610612744,GSW,Golden State Warriors,0022500047,2025-11-14,GSW @ SAS,W,240,38,90,0.422,17,45,0.378,16,18,0.889,15,24,39,18,9,8,15,20,109,1,1,2025-26
22025,1610612759,SAS,San Antonio Spurs,0022500047,2025-11-14,SAS vs. GSW,L,240,39,85,0.459,14,38,0.368,16,19,0.842,11,36,47,28,8,6,21,19,108,-1,1,2025-26
22025,1610612745,HOU,Houston Rockets,0022500042,2025-11-14,HOU vs. POR,W,240,53,106,0.5,17,45,0.378,17,20,0.85,20,29,49,26,16,6,6,22,140,24,1,2025-26
22025,1610612739,CLE,Cleveland Cavaliers,0022500228,2025-11-15,CLE vs. MEM,W,240,38,83,0.458,13,40,0.325,19,29,0.655,11,38,49,24,7,9,21,28,108,8,1,2025-26
22025,1610612760,OKC,Oklahoma City Thunder,0022500229,2025-11-15,OKC @ CHA,W,240,45,89,0.506,11,23,0.478,8,10,0.8,13,37,50,26,9,6,14,15,109,13,1,2025-26
22025,1610612754,IND,Indiana Pacers,0022500230,2025-11-15,IND vs. TOR,L,240,37,87,0.425,15,43,0.349,22,27,0.815,7,33,40,22,5,3,16,25,111,-18,1,2025-26
22025,1610612766,CHA,Charlotte Hornets,0022500229,2025-11-15,CHA vs. OKC,L,240,37,96,0.385,16,42,0.381,6,7,0.857,12,30,42,23,6,5,15,10,96,-13,1,2025-26
22025,1610612747,LAL,Los Angeles Lakers,0022500231,2025-11-15,LAL @ MIL,W,240,38,77,0.494,13,33,0.394,30,33,0.909,11,36,47,23,13,4,17,20,119,24,1,2025-26
22025,1610612761,TOR,Toronto Raptors,0022500230,2025-11-15,TOR @ IND,W,240,48,87,0.552,7,30,0.233,26,42,0.619,8,38,46,29,13,3,14,20,129,18,1,2025-26
22025,1610612749,MIL,Milwaukee Bucks,0022500231,2025-11-15,MIL vs. LAL,L,240,32,80,0.4,15,39,0.385,16,24,0.667,12,27,39,20,6,4,17,23,95,-24,1,2025-26
22025,1610612763,MEM,Memphis Grizzlies,0022500228,2025-11-15,MEM @ CLE,L,240,31,86,0.36,9,32,0.281,29,40,0.725,11,35,46,21,9,5,15,25,100,-8,1,2025-26
22025,1610612750,MIN,Minnesota Timberwolves,0022500232,2025-11-15,MIN vs. DEN,L,240,41,88,0.466,10,34,0.294,20,23,0.87,8,32,40,23,9,7,13,27,112,-11,1,2025-26
22025,1610612743,DEN,Denver Nuggets,0022500232,2025-11-15,DEN @ MIN,W,240,39,83,0.47,14,29,0.483,31,38,0.816,10,37,47,29,9,6,13,19,123,11,1,2025-26
22025,1610612759,SAS,San Antonio Spurs,0022500234,2025-11-16,SAS vs. SAC,W,240,47,87,0.54,14,38,0.368,15,18,0.833,9,37,46,38,7,4,15,17,123,13,1,2025-26
22025,1610612764,WAS,Washington Wizards,0022500235,2025-11-16,WAS vs. BKN,L,240,37,84,0.44,12,34,0.353,20,22,0.909,3,30,33,21,7,3,12,25,106,-23,1,2025-26
22025,1610612753,ORL,Orlando Magic,0022500236,2025-11-16,ORL @ HOU,L,265,38,91,0.418,12,37,0.324,25,34,0.735,9,29,38,21,11,9,8,22,113,-4,1,2025-26
22025,1610612744,GSW,Golden State Warriors,0022500237,2025-11-16,GSW @ NOP,W,240,43,94,0.457,24,56,0.429,14,17,0.824,16,31,47,34,14,4,21,23,124,18,1,2025-26
22025,1610612740,NOP,New Orleans Pelicans,0022500237,2025-11-16,NOP vs. GSW,L,240,38,83,0.458,8,29,0.276,22,29,0.759,15,30,45,22,11,4,21,16,106,-18,1,2025-26
22025,1610612757,POR,Portland Trail Blazers,0022500238,2025-11-16,POR @ DAL,L,265,46,113,0.407,14,47,0.298,27,32,0.844,22,31,53,26,8,5,12,32,133,-5,1,2025-26
22025,1610612742,DAL,Dallas Mavericks,0022500238,2025-11-16,DAL vs. POR,W,265,48,95,0.505,15,34,0.441,27,40,0.675,13,34,47,33,7,9,15,22,138,5,1,2025-26
22025,1610612745,HOU,Houston Rockets,0022500236,2025-11-16,HOU vs. ORL,W,265,42,100,0.42,8,20,0.4,25,29,0.862,19,41,60,19,4,4,15,23,117,4,1,2025-26
22025,1610612741,CHI,Chicago Bulls,0022500240,2025-11-16,CHI @ UTA,L,290,49,108,0.454,19,50,0.38,30,32,0.938,12,48,60,38,7,10,17,29,147,-3,1,2025-26
22025,1610612762,UTA,Utah Jazz,0022500240,2025-11-16,UTA vs. CHI,W,290,49,111,0.441,18,49,0.367,34,41,0.829,12,41,53,29,13,6,9,28,150,3,1,2025-26
22025,1610612746,LAC,LA Clippers,0022500233,2025-11-16,LAC @ BOS,L,240,38,81,0.469,14,35,0.4,28,30,0.933,10,34,44,23,4,7,14,20,118,-3,1,2025-26
22025,1610612751,BKN,Brooklyn Nets,0022500235,2025-11-16,BKN @ WAS,W,240,42,79,0.532,17,41,0.415,28,35,0.8,7,37,44,32,4,8,15,18,129,23,1,2025-26
22025,1610612738,BOS,Boston Celtics,0022500233,2025-11-16,BOS vs. LAC,W,240,46,103,0.447,16,39,0.41,13,17,0.765,20,29,49,26,6,6,6,21,121,3,1,2025-26
22025,1610612758,SAC,Sacramento Kings,0022500234,2025-11-16,SAC @ SAS,L,240,41,87,0.471,12,33,0.364,16,22,0.727,5,32,37,25,10,3,12,17,110,-13,1,2025-26
22025,1610612756,PHX,Phoenix Suns,0022500239,2025-11-16,PHX vs. ATL,L,240,47,97,0.485,10,30,0.333,18,19,0.947,16,31,47,23,9,3,17,24,122,-2,1,2025-26
22025,1610612737,ATL,Atlanta Hawks,0022500239,2025-11-16,ATL @ PHX,W,240,45,85,0.529,14,43,0.326,20,24,0.833,9,25,34,35,11,3,17,19,124,2,1,2025-26
22025,1610612749,MIL,Milwaukee Bucks,0022500241,2025-11-17,MIL @ CLE,L,240,39,93,0.419,17,36,0.472,11,15,0.733,7,27,34,26,9,1,15,17,106,-12,1,2025-26
22025,1610612739,CLE,Cleveland Cavaliers,0022500241,2025-11-17,CLE vs. MIL,W,240,44,79,0.557,15,35,0.429,15,21,0.714,4,41,45,25,7,5,18,17,118,12,1,2025-26
22025,1610612765,DET,Detroit Pistons,0022500242,2025-11-17,DET vs. IND,W,240,48,88,0.545,9,35,0.257,22,30,0.733,14,29,43,29,9,8,17,28,127,15,1,2025-26
22025,1610612754,IND,Indiana Pacers,0022500242,2025-11-17,IND @ DET,L,240,35,84,0.417,9,31,0.29,33,45,0.733,20,23,43,19,8,5,21,26,112,-15,1,2025-26
22025,1610612752,NYK,New York Knicks,0022500244,2025-11-17,NYK @ MIA,L,240,43,94,0.457,9,36,0.25,18,24,0.75,11,37,48,23,7,7,17,18,113,-2,1,2025-26
22025,1610612748,MIA,Miami Heat,0022500244,2025-11-17,MIA vs. NYK,W,240,45,101,0.446,14,35,0.4,11,13,0.846,7,33,40,29,5,5,14,21,115,2,1,2025-26
22025,1610612755,PHI,Philadelphia 76ers,0022500243,2025-11-17,PHI vs. LAC,W,240,39,84,0.464,11,33,0.333,21,30,0.7,9,37,46,26,7,4,9,20,110,2,1,2025-26
22025,1610612746,LAC,LA Clippers,0022500243,2025-11-17,LAC @ PHI,L,240,35,87,0.402,12,39,0.308,26,27,0.963,8,37,45,18,6,3,10,26,108,-2,1,2025-26
22025,1610612750,MIN,Minnesota Timberwolves,0022500246,2025-11-17,MIN vs. DAL,W,240,44,97,0.454,14,44,0.318,18,25,0.72,14,45,59,27,16,5,17,24,120,24,1,2025-26
22025,1610612742,DAL,Dallas Mavericks,0022500246,2025-11-17,DAL @ MIN,L,240,34,85,0.4,9,30,0.3,19,31,0.613,10,33,43,13,7,4,20,22,96,-24,1,2025-26
22025,1610612741,CHI,Chicago Bulls,0022500248,2025-11-17,CHI @ DEN,W,240,48,102,0.471,19,53,0.358,15,19,0.789,13,40,53,31,5,4,9,18,130,3,1,2025-26
22025,1610612743,DEN,Denver Nuggets,0022500248,2025-11-17,DEN vs. CHI,L,240,46,97,0.474,14,36,0.389,21,25,0.84,13,40,53,21,6,5,8,14,127,-3,1,2025-26
22025,1610612761,TOR,Toronto Raptors,0022500245,2025-11-17,TOR vs. CHA,W,240,44,88,0.5,10,25,0.4,12,16,0.75,8,35,43,25,8,7,17,21,110,2,1,2025-26
22025,1610612766,CHA,Charlotte Hornets,0022500245,2025-11-17,CHA @ TOR,L,240,37,87,0.425,10,40,0.25,24,30,0.8,14,34,48,19,11,9,16,14,108,-2,1,2025-26
22025,1610612740,NOP,New Orleans Pelicans,0022500247,2025-11-17,NOP vs. OKC,L,240,42,86,0.488,12,28,0.429,13,15,0.867,12,23,35,21,9,4,22,26,109,-17,1,2025-26
22025,1610612760,OKC,Oklahoma City Thunder,0022500247,2025-11-17,OKC @ NOP,W,240,43,87,0.494,17,42,0.405,23,28,0.821,13,25,38,30,12,6,18,20,126,17,1,2025-26
22025,1610612765,DET,Detroit Pistons,0022500251,2025-11-18,DET @ ATL,W,240,45,83,0.542,10,31,0.323,20,24,0.833,7,32,39,28,12,4,15,16,120,8,1,2025-26
22025,1610612751,BKN,Brooklyn Nets,0022500250,2025-11-18,BKN vs. BOS,L,240,33,82,0.402,14,38,0.368,19,27,0.704,12,27,39,25,12,2,14,22,99,-14,1,2025-26
22025,1610612737,ATL,Atlanta Hawks,0022500251,2025-11-18,ATL vs. DET,L,240,42,87,0.483,15,44,0.341,13,15,0.867,11,24,35,31,9,5,19,24,112,-8,1,2025-26
22025,1610612738,BOS,Boston Celtics,0022500250,2025-11-18,BOS @ BKN,W,240,37,75,0.493,19,42,0.452,20,26,0.769,10,39,49,25,6,5,20,24,113,14,1,2025-26
22025,1610612763,MEM,Memphis Grizzlies,0022500252,2025-11-18,MEM @ SAS,L,240,42,104,0.404,12,39,0.308,5,9,0.556,21,38,59,30,6,4,14,15,101,-10,1,2025-26
22025,1610612759,SAS,San Antonio Spurs,0022500252,2025-11-18,SAS vs. MEM,W,240,42,87,0.483,16,42,0.381,11,13,0.846,4,34,38,23,10,3,9,16,111,10,1,2025-26
22025,1610612762,UTA,Utah Jazz,0022500253,2025-11-18,UTA @ LAL,L,240,48,92,0.522,13,45,0.289,17,18,0.944,8,25,33,33,13,2,18,30,126,-14,1,2025-26
22025,1610612747,LAL,Los Angeles Lakers,0022500253,2025-11-18,LAL vs. UTA,W,240,50,84,0.595,11,32,0.344,29,40,0.725,11,30,41,31,9,1,17,21,140,14,1,2025-26
22025,1610612756,PHX,Phoenix Suns,0022500254,2025-11-18,PHX @ POR,W,240,47,98,0.48,14,40,0.35,19,22,0.864,18,28,46,24,19,4,18,27,127,17,1,2025-26
22025,1610612757,POR,Portland Trail Blazers,0022500254,2025-11-18,POR vs. PHX,L,240,42,97,0.433,10,41,0.244,16,20,0.8,15,28,43,24,7,6,20,12,110,-17,1,2025-26
22025,1610612744,GSW,Golden State Warriors,0022500249,2025-11-18,GSW @ ORL,L,240,39,78,0.5,13,36,0.361,22,28,0.786,6,30,36,26,11,3,18,18,113,-8,1,2025-26
22025,1610612753,ORL,Orlando Magic,0022500249,2025-11-18,ORL vs. GSW,W,240,43,85,0.506,8,32,0.25,27,29,0.931,10,33,43,28,14,3,14,20,121,8,1,2025-26
22025,1610612745,HOU,Houston Rockets,0022500255,2025-11-19,HOU @ CLE,W,240,41,90,0.456,9,24,0.375,23,27,0.852,16,35,51,23,9,4,13,23,114,10,1,2025-26
22025,1610612754,IND,Indiana Pacers,0022500256,2025-11-19,IND vs. CHA,W,240,46,85,0.541,16,38,0.421,19,23,0.826,10,33,43,32,5,8,16,22,127,9,1,2025-26
22025,1610612761,TOR,Toronto Raptors,0022500258,2025-11-19,TOR @ PHI,W,240,45,84,0.536,11,29,0.379,20,24,0.833,8,23,31,33,12,2,15,19,121,9,1,2025-26
22025,1610612766,CHA,Charlotte Hornets,0022500256,2025-11-19,CHA @ IND,L,240,43,107,0.402,13,45,0.289,19,22,0.864,22,26,48,28,7,2,13,18,118,-9,1,2025-26
22025,1610612739,CLE,Cleveland Cavaliers,0022500255,2025-11-19,CLE vs. HOU,L,240,36,81,0.444,12,39,0.308,20,32,0.625,10,29,39,20,4,5,12,18,104,-10,1,2025-26
22025,1610612740,NOP,New Orleans Pelicans,0022500260,2025-11-19,NOP vs. DEN,L,240,44,98,0.449,7,34,0.206,23,31,0.742,17,27,44,25,12,5,12,24,118,-7,1,2025-26
22025,1610612764,WAS,Washington Wizards,0022500259,2025-11-19,WAS @ MIN,L,240,43,88,0.489,14,32,0.438,9,12,0.75,12,31,43,25,6,6,17,26,109,-11,1,2025-26
22025,1610612760,OKC,Oklahoma City Thunder,0022500261,2025-11-19,OKC vs. SAC,W,240,41,88,0.466,10,38,0.263,21,23,0.913,9,36,45,22,9,10,16,21,113,14,1,2025-26
22025,1610612743,DEN,Denver Nuggets,0022500260,2025-11-19,DEN @ NOP,W,240,46,83,0.554,11,31,0.355,22,27,0.815,9,32,41,35,8,1,20,26,125,7,1,2025-26
22025,1610612750,MIN,Minnesota Timberwolves,0022500259,2025-11-19,MIN vs. WAS,W,240,42,94,0.447,13,38,0.342,23,32,0.719,19,31,50,28,11,4,10,15,120,11,1,2025-26
22025,1610612755,PHI,Philadelphia 76ers,0022500258,2025-11-19,PHI vs. TOR,L,240,41,87,0.471,14,35,0.4,16,18,0.889,16,25,41,24,11,6,21,20,112,-9,1,2025-26
22025,1610612744,GSW,Golden State Warriors,0022500257,2025-11-19,GSW @ MIA,L,240,34,95,0.358,13,49,0.265,15,20,0.75,20,42,62,24,8,5,23,20,96,-14,1,2025-26
22025,1610612748,MIA,Miami Heat,0022500257,2025-11-19,MIA vs. GSW,W,240,39,96,0.406,13,35,0.371,19,26,0.731,14,38,52,30,10,3,14,17,110,14,1,2025-26
22025,1610612758,SAC,Sacramento Kings,0022500261,2025-11-19,SAC @ OKC,L,240,38,86,0.442,8,28,0.286,15,23,0.652,12,33,45,21,12,0,18,22,99,-14,1,2025-26
22025,1610612752,NYK,New York Knicks,0022500262,2025-11-19,NYK @ DAL,W,240,41,93,0.441,12,42,0.286,19,35,0.543,16,33,49,27,8,10,9,22,113,2,1,2025-26
22025,1610612741,CHI,Chicago Bulls,0022500263,2025-11-19,CHI @ POR,W,240,46,96,0.479,21,49,0.429,9,14,0.643,7,31,38,36,10,9,16,26,122,1,1,2025-26
22025,1610612742,DAL,Dallas Mavericks,0022500262,2025-11-19,DAL vs. NYK,L,240,35,85,0.412,16,44,0.364,25,30,0.833,10,40,50,23,6,5,18,26,111,-2,1,2025-26
22025,1610612757,POR,Portland Trail Blazers,0022500263,2025-11-19,POR vs. CHI,L,240,44,107,0.411,12,42,0.286,21,32,0.656,26,38,64,27,10,5,16,16,121,-1,1,2025-26
22025,1610612746,LAC,LA Clippers,0022500264,2025-11-20,LAC @ ORL,L,240,36,89,0.404,14,36,0.389,15,19,0.789,10,33,43,20,7,6,21,20,101,-28,1,2025-26
22025,1610612753,ORL,Orlando Magic,0022500264,2025-11-20,ORL vs. LAC,W,240,45,94,0.479,18,34,0.529,21,24,0.875,12,39,51,32,12,4,11,17,129,28,1,2025-26
22025,1610612763,MEM,Memphis Grizzlies,0022500265,2025-11-20,MEM vs. SAC,W,240,50,99,0.505,17,54,0.315,20,26,0.769,11,38,49,42,11,3,8,11,137,41,1,2025-26
22025,1610612758,SAC,Sacramento Kings,0022500265,2025-11-20,SAC @ MEM,L,240,37,80,0.463,11,33,0.333,11,15,0.733,4,28,32,24,5,5,17,22,96,-41,1,2025-26
22025,1610612755,PHI,Philadelphia 76ers,0022500266,2025-11-20,PHI @ MIL,W,265,42,97,0.433,18,53,0.34,21,26,0.808,11,41,52,30,9,6,14,15,123,9,1,2025-26
22025,1610612759,SAS,San Antonio Spurs,0022500267,2025-11-20,SAS vs. ATL,W,240,48,91,0.527,17,40,0.425,22,30,0.733,10,33,43,34,10,4,11,15,135,9,1,2025-26
22025,1610612737,ATL,Atlanta Hawks,0022500267,2025-11-20,ATL @ SAS,L,240,49,87,0.563,20,37,0.541,8,13,0.615,6,33,39,30,7,6,16,24,126,-9,1,2025-26
22025,1610612749,MIL,Milwaukee Bucks,0022500266,2025-11-20,MIL vs. PHI,L,265,45,92,0.489,14,36,0.389,10,13,0.769,3,39,42,30,7,2,14,19,114,-9,1,2025-26
22025,1610612738,BOS,Boston Celtics,0022500049,2025-11-21,BOS vs. BKN,L,240,42,90,0.467,11,34,0.324,10,14,0.714,14,30,44,24,7,1,13,25,105,-8,1,2025-26
22025,1610612764,WAS,Washington Wizards,0022500050,2025-11-21,WAS @ TOR,L,240,39,86,0.453,12,41,0.293,20,24,0.833,7,22,29,26,9,4,18,22,110,-30,1,2025-26
22025,1610612761,TOR,Toronto Raptors,0022500050,2025-11-21,TOR vs. WAS,W,240,48,83,0.578,14,28,0.5,30,39,0.769,13,35,48,36,13,4,15,20,140,30,1,2025-26
22025,1610612751,BKN,Brooklyn Nets,0022500049,2025-11-21,BKN @ BOS,W,240,43,82,0.524,13,33,0.394,14,21,0.667,7,34,41,31,5,6,14,17,113,8,1,2025-26
22025,1610612742,DAL,Dallas Mavericks,0022500052,2025-11-21,DAL vs. NOP,W,240,40,84,0.476,16,43,0.372,22,28,0.786,11,36,47,30,9,9,20,19,118,3,1,2025-26
22025,1610612748,MIA,Miami Heat,0022500051,2025-11-21,MIA @ CHI,W,240,47,100,0.47,14,38,0.368,35,44,0.795,15,38,53,35,13,7,10,22,143,36,1,2025-26
22025,1610612760,OKC,Oklahoma City Thunder,0022500055,2025-11-21,OKC @ UTA,W,240,51,83,0.614,23,37,0.622,19,25,0.76,3,23,26,36,15,4,14,16,144,32,1,2025-26
22025,1610612741,CHI,Chicago Bulls,0022500051,2025-11-21,CHI vs. MIA,L,240,37,90,0.411,12,43,0.279,21,28,0.75,8,31,39,26,5,13,18,27,107,-36,1,2025-26
22025,1610612762,UTA,Utah Jazz,0022500055,2025-11-21,UTA vs. OKC,L,240,38,79,0.481,16,38,0.421,20,24,0.833,12,27,39,30,10,3,28,25,112,-32,1,2025-26
22025,1610612744,GSW,Golden State Warriors,0022500056,2025-11-21,GSW vs. POR,L,240,40,83,0.482,17,43,0.395,26,30,0.867,9,23,32,29,14,4,14,25,123,-4,1,2025-26
22025,1610612757,POR,Portland Trail Blazers,0022500056,2025-11-21,POR @ GSW,W,240,42,88,0.477,16,45,0.356,27,32,0.844,21,31,52,31,8,5,21,25,127,4,1,2025-26
22025,1610612750,MIN,Minnesota Timberwolves,0022500053,2025-11-21,MIN @ PHX,L,240,39,86,0.453,12,37,0.324,23,33,0.697,14,23,37,18,17,4,22,23,113,-1,1,2025-26
22025,1610612756,PHX,Phoenix Suns,0022500053,2025-11-21,PHX vs. MIN,W,240,39,81,0.481,14,31,0.452,22,29,0.759,15,30,45,25,13,2,28,29,114,1,1,2025-26
22025,1610612740,NOP,New Orleans Pelicans,0022500052,2025-11-21,NOP @ DAL,L,240,42,91,0.462,7,27,0.259,24,31,0.774,9,33,42,25,15,4,13,20,115,-3,1,2025-26
22025,1610612743,DEN,Denver Nuggets,0022500054,2025-11-21,DEN @ HOU,W,240,40,76,0.526,11,29,0.379,21,27,0.778,11,27,38,28,8,7,15,20,112,3,1,2025-26
22025,1610612745,HOU,Houston Rockets,0022500054,2025-11-21,HOU vs. DEN,L,240,41,93,0.441,14,36,0.389,13,20,0.65,18,23,41,21,8,2,16,22,109,-3,1,2025-26
22025,1610612754,IND,Indiana Pacers,0022500048,2025-11-21,IND @ CLE,L,240,37,88,0.42,11,37,0.297,24,26,0.923,10,33,43,25,10,6,13,22,109,-11,1,2025-26
22025,1610612739,CLE,Cleveland Cavaliers,0022500048,2025-11-21,CLE vs. IND,W,240,43,89,0.483,13,35,0.371,21,27,0.778,14,38,52,28,5,8,14,22,120,11,1,2025-26
22025,1610612746,LAC,LA Clippers,0022500268,2025-11-22,LAC @ CHA,W,240,46,90,0.511,19,43,0.442,20,24,0.833,11,30,41,30,8,2,10,19,131,15,1,2025-26
22025,1610612766,CHA,Charlotte Hornets,0022500268,2025-11-22,CHA vs. LAC,L,240,41,85,0.482,11,36,0.306,23,26,0.885,11,27,38,24,5,2,11,20,116,-15,1,2025-26
22025,1610612764,WAS,Washington Wizards,0022500271,2025-11-22,WAS @ CHI,L,240,44,96,0.458,16,36,0.444,16,20,0.8,15,40,55,33,9,4,15,23,120,-1,1,2025-26
22025,1610612741,CHI,Chicago Bulls,0022500271,2025-11-22,CHI vs. WAS,W,240,42,100,0.42,12,44,0.273,25,30,0.833,17,37,54,26,5,5,10,15,121,1,1,2025-26
22025,1610612740,NOP,New Orleans Pelicans,0022500270,2025-11-22,NOP vs. ATL,L,240,35,84,0.417,8,27,0.296,20,24,0.833,13,35,48,21,5,6,18,17,98,-17,1,2025-26
22025,1610612737,ATL,Atlanta Hawks,0022500270,2025-11-22,ATL @ NOP,W,240,42,90,0.467,17,46,0.37,14,19,0.737,10,32,42,28,6,7,7,20,115,17,1,2025-26
22025,1610612749,MIL,Milwaukee Bucks,0022500272,2025-11-22,MIL vs. DET,L,240,43,84,0.512,20,43,0.465,10,12,0.833,6,29,35,29,8,7,17,19,116,-13,1,2025-26
22025,1610612763,MEM,Memphis Grizzlies,0022500273,2025-11-22,MEM @ DAL,W,240,37,92,0.402,8,31,0.258,20,24,0.833,23,38,61,26,5,5,13,18,102,6,1,2025-26
22025,1610612742,DAL,Dallas Mavericks,0022500273,2025-11-22,DAL vs. MEM,L,240,35,91,0.385,12,36,0.333,14,16,0.875,11,30,41,19,4,9,10,21,96,-6,1,2025-26
22025,1610612765,DET,Detroit Pistons,0022500272,2025-11-22,DET @ MIL,W,240,49,78,0.628,16,30,0.533,15,24,0.625,1,31,32,31,10,6,14,17,129,13,1,2025-26
22025,1610612743,DEN,Denver Nuggets,0022500274,2025-11-22,DEN vs. SAC,L,240,45,92,0.489,14,37,0.378,19,23,0.826,11,27,38,28,1,3,13,21,123,-5,1,2025-26
22025,1610612758,SAC,Sacramento Kings,0022500274,2025-11-22,SAC @ DEN,W,240,48,91,0.527,10,30,0.333,22,23,0.957,9,28,37,32,8,3,7,20,128,5,1,2025-26
22025,1610612753,ORL,Orlando Magic,0022500269,2025-11-22,ORL vs. NYK,W,240,47,85,0.553,13,33,0.394,26,30,0.867,11,25,36,28,5,2,14,26,133,12,1,2025-26
22025,1610612752,NYK,New York Knicks,0022500269,2025-11-22,NYK @ ORL,L,240,43,79,0.544,13,37,0.351,22,28,0.786,9,27,36,28,5,4,17,28,121,-12,1,2025-26
22025,1610612748,MIA,Miami Heat,0022500275,2025-11-23,MIA @ PHI,W,240,48,98,0.49,11,32,0.344,20,30,0.667,18,40,58,32,7,2,13,17,127,10,1,2025-26
22025,1610612755,PHI,Philadelphia 76ers,0022500275,2025-11-23,PHI vs. MIA,L,240,44,98,0.449,14,41,0.341,15,19,0.789,15,32,47,28,7,9,15,21,117,-10,1,2025-26
22025,1610612746,LAC,LA Clippers,0022500278,2025-11-23,LAC @ CLE,L,240,37,80,0.463,8,26,0.308,23,26,0.885,12,28,40,23,6,2,16,17,105,-15,1,2025-26
22025,1610612751,BKN,Brooklyn Nets,0022500279,2025-11-23,BKN @ TOR,L,240,35,75,0.467,12,34,0.353,27,31,0.871,10,30,40,23,5,7,19,20,109,-10,1,2025-26
22025,1610612737,ATL,Atlanta Hawks,0022500276,2025-11-23,ATL vs. CHA,W,240,45,91,0.495,11,31,0.355,12,16,0.75,10,27,37,32,6,5,9,21,113,3,1,2025-26
22025,1610612747,LAL,Los Angeles Lakers,0022500282,2025-11-23,LAL @ UTA,W,240,38,86,0.442,10,38,0.263,22,27,0.815,5,40,45,23,7,4,14,18,108,2,1,2025-26
22025,1610612762,UTA,Utah Jazz,0022500282,2025-11-23,UTA vs. LAL,L,240,40,94,0.426,13,40,0.325,13,18,0.722,10,35,45,27,7,2,14,21,106,-2,1,2025-26
22025,1610612756,PHX,Phoenix Suns,0022500281,2025-11-23,PHX vs. SAS,W,240,43,97,0.443,14,38,0.368,11,16,0.688,11,32,43,27,10,6,6,23,111,9,1,2025-26
22025,1610612759,SAS,San Antonio Spurs,0022500281,2025-11-23,SAS @ PHX,L,240,32,77,0.416,10,34,0.294,28,34,0.824,14,36,50,17,4,4,19,17,102,-9,1,2025-26
22025,1610612739,CLE,Cleveland Cavaliers,0022500278,2025-11-23,CLE vs. LAC,W,240,45,87,0.517,17,45,0.378,13,20,0.65,8,33,41,28,10,4,14,22,120,15,1,2025-26
22025,1610612738,BOS,Boston Celtics,0022500277,2025-11-23,BOS vs. ORL,W,240,53,88,0.602,15,33,0.455,17,22,0.773,7,30,37,29,6,8,5,21,138,9,1,2025-26
22025,1610612753,ORL,Orlando Magic,0022500277,2025-11-23,ORL @ BOS,L,240,47,100,0.47,16,38,0.421,19,24,0.792,18,26,44,33,3,4,8,17,129,-9,1,2025-26
22025,1610612766,CHA,Charlotte Hornets,0022500276,2025-11-23,CHA @ ATL,L,240,39,86,0.453,14,44,0.318,18,20,0.9,9,34,43,26,4,2,16,15,110,-3,1,2025-26
22025,1610612761,TOR,Toronto Raptors,0022500279,2025-11-23,TOR vs. BKN,W,240,39,84,0.464,15,30,0.5,26,29,0.897,6,26,32,30,12,4,9,22,119,10,1,2025-26
22025,1610612757,POR,Portland Trail Blazers,0022500280,2025-11-23,POR @ OKC,L,240,34,92,0.37,12,47,0.255,15,21,0.714,16,29,45,18,8,4,17,19,95,-27,1,2025-26
22025,1610612760,OKC,Oklahoma City Thunder,0022500280,2025-11-23,OKC vs. POR,W,240,45,85,0.529,15,36,0.417,17,23,0.739,12,37,49,33,9,8,14,23,122,27,1,2025-26
22025,1610612750,MIN,Minnesota Timberwolves,0022500292,2025-11-24,MIN @ SAC,L,265,40,97,0.412,13,42,0.31,19,22,0.864,15,40,55,21,9,4,16,28,112,-5,1,2025-26
22025,1610612748,MIA,Miami Heat,0022500286,2025-11-24,MIA vs. DAL,W,240,42,94,0.447,5,27,0.185,17,24,0.708,14,39,53,22,8,7,14,16,106,4,1,2025-26
22025,1610612765,DET,Detroit Pistons,0022500283,2025-11-24,DET @ IND,W,240,42,84,0.5,9,25,0.36,29,37,0.784,14,31,45,24,8,4,17,27,122,5,1,2025-26
22025,1610612761,TOR,Toronto Raptors,0022500284,2025-11-24,TOR vs. CLE,W,240,44,90,0.489,10,36,0.278,12,18,0.667,10,41,51,28,8,1,16,14,110,11,1,2025-26
22025,1610612739,CLE,Cleveland Cavaliers,0022500284,2025-11-24,CLE @ TOR,L,240,36,87,0.414,14,48,0.292,13,13,1.0,4,33,37,27,11,4,12,13,99,-11,1,2025-26
22025,1610612754,IND,Indiana Pacers,0022500283,2025-11-24,IND vs. DET,L,240,39,82,0.476,13,31,0.419,26,34,0.765,5,25,30,22,11,4,13,27,117,-5,1,2025-26
22025,1610612743,DEN,Denver Nuggets,0022500287,2025-11-24,DEN @ MEM,W,240,46,91,0.505,22,43,0.512,11,14,0.786,14,32,46,32,5,3,14,15,125,10,1,2025-26
22025,1610612740,NOP,New Orleans Pelicans,0022500289,2025-11-24,NOP vs. CHI,W,240,53,104,0.51,13,35,0.371,24,35,0.686,19,36,55,28,13,5,14,21,143,13,1,2025-26
22025,1610612757,POR,Portland Trail Blazers,0022500288,2025-11-24,POR @ MIL,W,240,36,79,0.456,18,43,0.419,25,33,0.758,12,36,48,24,8,8,16,16,115,12,1,2025-26
22025,1610612742,DAL,Dallas Mavericks,0022500286,2025-11-24,DAL @ MIA,L,240,38,97,0.392,12,40,0.3,14,16,0.875,15,35,50,22,8,5,16,19,102,-4,1,2025-26
22025,1610612751,BKN,Brooklyn Nets,0022500285,2025-11-24,BKN vs. NYK,L,240,33,87,0.379,14,48,0.292,20,28,0.714,13,31,44,19,5,1,10,14,100,-13,1,2025-26
22025,1610612752,NYK,New York Knicks,0022500285,2025-11-24,NYK @ BKN,W,240,45,88,0.511,12,35,0.343,11,14,0.786,9,34,43,28,6,6,8,21,113,13,1,2025-26
22025,1610612741,CHI,Chicago Bulls,0022500289,2025-11-24,CHI @ NOP,L,240,43,82,0.524,20,50,0.4,24,32,0.75,4,29,33,29,4,3,17,21,130,-13,1,2025-26
22025,1610612749,MIL,Milwaukee Bucks,0022500288,2025-11-24,MIL vs. POR,L,240,38,86,0.442,13,37,0.351,14,18,0.778,8,31,39,22,10,5,13,26,103,-12,1,2025-26
22025,1610612763,MEM,Memphis Grizzlies,0022500287,2025-11-24,MEM vs. DEN,L,240,43,93,0.462,16,47,0.34,13,15,0.867,11,29,40,33,6,4,11,16,115,-10,1,2025-26
22025,1610612762,UTA,Utah Jazz,0022500291,2025-11-24,UTA @ GSW,L,240,47,99,0.475,11,36,0.306,12,18,0.667,14,33,47,32,7,6,14,14,117,-17,1,2025-26
22025,1610612744,GSW,Golden State Warriors,0022500291,2025-11-24,GSW vs. UTA,W,240,51,104,0.49,19,52,0.365,13,18,0.722,16,34,50,34,11,5,10,14,134,17,1,2025-26
22025,1610612756,PHX,Phoenix Suns,0022500290,2025-11-24,PHX vs. HOU,L,240,33,80,0.413,13,37,0.351,13,19,0.684,13,26,39,11,9,4,21,20,92,-22,1,2025-26
22025,1610612758,SAC,Sacramento Kings,0022500292,2025-11-24,SAC vs. MIN,W,265,42,97,0.433,7,26,0.269,26,28,0.929,11,38,49,27,9,3,12,21,117,5,1,2025-26
22025,1610612745,HOU,Houston Rockets,0022500290,2025-11-24,HOU @ PHX,W,240,43,88,0.489,13,31,0.419,15,17,0.882,12,29,41,26,13,4,16,20,114,22,1,2025-26
